City_ID,City,Country,Date,Lat,Lng,Max Temp,Humidity,Cloudiness,Wind Speed
0,Paamiut,GL,2022-01-28 23:31:02,61.994,-49.6678,23.59,88,100,24.7
1,Bluff,NZ,2022-01-28 23:31:03,-46.6,168.3333,60.96,64,93,6.31
2,Chern,RU,2022-01-28 23:31:03,53.4523,36.9145,26.44,97,100,7.25
3,Butaritari,KI,2022-01-28 23:31:03,3.0707,172.7902,81.82,79,55,16.42
4,Olafsvik,IS,2022-01-28 23:31:04,64.8945,-23.7142,23.54,65,63,13.56
5,Badovinci,RS,2022-01-28 23:31:04,44.7858,19.3714,39.85,60,99,13.2
6,Castro,BR,2022-01-28 23:31:05,-24.7911,-50.0119,60.19,99,100,9.01
7,Yerbogachen,RU,2022-01-28 23:31:05,61.2767,108.0108,-23.4,100,97,4.25
8,Anadyr,RU,2022-01-28 23:31:06,64.75,177.4833,-5.01,83,20,4.47
9,Orbetello,IT,2022-01-28 23:31:06,42.4408,11.2196,45.23,42,95,5.75
10,Adrar,MR,2022-01-28 23:31:06,20.5022,-10.0711,72.21,12,100,2.26
11,Hofn,IS,2022-01-28 23:31:07,64.2539,-15.2082,28.83,55,68,23.04
12,Hermanus,ZA,2022-01-28 23:31:07,-34.4187,19.2345,60.8,77,1,11.74
13,Bathsheba,BB,2022-01-28 23:31:07,13.2167,-59.5167,76.05,87,40,9.22
14,Kapaa,US,2022-01-28 23:31:08,22.0752,-159.319,82.38,73,0,1.01
15,Busselton,AU,2022-01-28 23:31:08,-33.65,115.3333,72.05,50,39,9.15
16,Rikitea,PF,2022-01-28 23:31:09,-23.1203,-134.9692,78.26,69,100,14.18
17,Bethel,US,2022-01-28 23:31:09,41.3712,-73.414,30.56,87,100,4.76
18,Jagtial,IN,2022-01-28 23:31:10,18.8,78.9333,56.03,40,18,0.76
19,Avarua,CK,2022-01-28 23:31:10,-21.2078,-159.775,84.25,70,20,14.97
20,Hilo,US,2022-01-28 23:31:11,19.7297,-155.09,80.33,69,0,16.11
21,Barrow,US,2022-01-28 23:30:02,71.2906,-156.7887,-9.38,77,100,12.66
22,Ushuaia,AR,2022-01-28 23:31:02,-54.8,-68.3,60.46,59,40,3.44
23,Hobart,AU,2022-01-28 23:31:11,-42.8794,147.3294,66.27,82,40,12.66
24,Mogadishu,SO,2022-01-28 23:31:12,2.0371,45.3438,76.42,80,87,21.56
25,Atuona,PF,2022-01-28 23:31:12,-9.8,-139.0333,77.76,72,8,13.53
26,Buta,CD,2022-01-28 23:31:12,2.7858,24.73,67.8,46,74,1.07
27,Los Llanos De Aridane,ES,2022-01-28 23:31:13,28.6585,-17.9182,56.95,59,0,10.36
28,Punta Arenas,CL,2022-01-28 23:29:44,-53.15,-70.9167,69.91,21,0,10.36
29,Talnakh,RU,2022-01-28 23:31:13,69.4865,88.3972,-0.8,94,100,11.95
30,Meulaboh,ID,2022-01-28 23:27:08,4.1363,96.1285,78.13,87,66,2.19
31,Codrington,AU,2022-01-28 23:31:14,-38.2667,141.9667,64.53,75,97,12.66
32,Luganville,VU,2022-01-28 23:31:14,-15.5333,167.1667,79.57,89,100,13.58
33,Cidreira,BR,2022-01-28 23:31:14,-30.1811,-50.2056,70.47,69,53,13.06
34,Ketchikan,US,2022-01-28 23:30:52,55.3422,-131.6461,44.58,97,100,6.78
35,Kahului,US,2022-01-28 23:31:15,20.8947,-156.47,82.42,54,40,11.5
36,Mataura,NZ,2022-01-28 23:27:13,-46.1927,168.8643,71.31,35,96,4.99
37,Nuuk,GL,2022-01-28 23:31:15,64.1835,-51.7216,23.61,93,100,11.5
38,Tual,ID,2022-01-28 23:31:16,-5.6667,132.75,84.34,71,99,12.93
39,Vardo,NO,2022-01-28 23:31:16,70.3705,31.1107,26.8,58,100,21.3
40,Sistranda,NO,2022-01-28 23:31:16,63.7256,8.834,37.9,98,100,17.9
41,Cueto,CU,2022-01-28 23:31:17,20.6439,-75.9356,81.12,81,21,4.27
42,Banda Aceh,ID,2022-01-28 23:31:17,5.5577,95.3222,78.08,85,17,5.12
43,Lewistown,US,2022-01-28 23:29:54,40.5992,-77.5714,32.07,100,100,6.24
44,Cape Town,ZA,2022-01-28 23:32:17,-33.9258,18.4232,67.1,70,0,1.99
45,Longyearbyen,SJ,2022-01-28 23:32:18,78.2186,15.6401,4.84,78,20,16.11
46,Honningsvag,NO,2022-01-28 23:32:19,70.9821,25.9704,29.88,52,100,5.37
47,Jamestown,US,2022-01-28 23:32:19,42.097,-79.2353,17.1,51,100,11.5
48,Dikson,RU,2022-01-28 23:32:19,73.5069,80.5464,3.54,94,100,18.16
49,Puerto Ayora,EC,2022-01-28 23:32:19,-0.7393,-90.3518,74.25,82,63,8.25
50,Qaanaaq,GL,2022-01-28 23:32:20,77.484,-69.3632,-12.86,59,22,8.03
51,Mar Del Plata,AR,2022-01-28 23:29:11,-38.0023,-57.5575,71.01,72,0,21.0
52,Melbu,NO,2022-01-28 23:32:20,68.5044,14.8297,24.31,77,72,10.02
53,Erie,US,2022-01-28 23:32:21,42.7667,-78.6664,12.74,82,87,5.3
54,Port Elizabeth,ZA,2022-01-28 23:32:21,-33.918,25.5701,65.1,88,75,13.8
55,Saskylakh,RU,2022-01-28 23:32:21,71.9167,114.0833,-1.75,92,100,5.57
56,Dudinka,RU,2022-01-28 23:32:22,69.4058,86.1778,-0.38,93,100,18.79
57,La Serena,CL,2022-01-28 23:32:22,-29.9078,-71.2542,65.71,72,0,13.8
58,Ninghai,CN,2022-01-28 23:32:22,29.2892,121.4247,42.73,97,100,4.61
59,Beringovskiy,RU,2022-01-28 23:32:22,63.05,179.3167,-1.23,97,97,2.3
60,Klaksvik,FO,2022-01-28 23:32:23,62.2266,-6.589,41.92,93,94,16.73
61,Bredasdorp,ZA,2022-01-28 23:32:23,-34.5322,20.0403,61.92,77,76,4.61
62,Ribeira Grande,PT,2022-01-28 23:32:23,38.5167,-28.7,58.69,61,78,6.91
63,Trelew,AR,2022-01-28 23:32:24,-43.249,-65.3051,72.77,57,24,16.42
64,Kismayo,SO,2022-01-28 23:32:24,-0.3582,42.5454,77.27,80,82,15.12
65,Arraial Do Cabo,BR,2022-01-28 23:32:25,-22.9661,-42.0278,75.16,94,75,0.0
66,Pereslavl-Zalesskiy,RU,2022-01-28 23:32:25,56.7393,38.8563,16.7,95,100,7.11
67,Kalawit,PH,2022-01-28 23:32:25,8.0667,122.5167,80.17,81,86,0.65
68,San Rafael,AR,2022-01-28 23:32:10,-34.6177,-68.3301,80.64,40,0,14.74
69,Vaini,TO,2022-01-28 23:32:26,-21.2,-175.2,82.56,79,98,18.45
70,Cabedelo,BR,2022-01-28 23:32:26,-6.9811,-34.8339,74.07,73,74,11.72
71,Mahebourg,MU,2022-01-28 23:32:27,-20.4081,57.7,77.29,94,75,0.0
72,Mae Hong Son,TH,2022-01-28 23:32:27,19.3003,97.9685,56.89,80,54,1.52
73,Nikolskoye,RU,2022-01-28 23:28:15,59.7035,30.7861,24.69,95,100,7.61
74,Salinas,US,2022-01-28 23:29:33,36.6777,-121.6555,73.49,25,0,0.0
75,El Roble,CO,2022-01-28 23:32:28,9.1019,-75.1951,79.11,75,77,10.65
76,Georgetown,MY,2022-01-28 23:32:28,5.4112,100.3354,80.89,92,20,1.99
77,Stabat,ID,2022-01-28 23:32:28,3.761,98.4513,78.26,94,67,1.54
78,Okahandja,NA,2022-01-28 23:32:29,-21.9833,16.9167,79.11,40,24,5.5
79,Krasnoselkup,RU,2022-01-28 23:32:29,65.7,82.4667,3.06,96,97,11.3
80,Tazovskiy,RU,2022-01-28 23:32:29,67.4667,78.7,0.32,97,98,5.48
81,Fortuna,US,2022-01-28 23:32:11,40.5982,-124.1573,65.32,39,0,0.0
82,Goure,NE,2022-01-28 23:32:30,13.9835,10.2704,63.01,12,0,13.06
83,Khatanga,RU,2022-01-28 23:32:31,71.9667,102.5,-2.54,88,100,4.97
84,The Valley,AI,2022-01-28 23:32:31,18.217,-63.0578,77.14,69,20,8.05
85,Chokurdakh,RU,2022-01-28 23:29:25,70.6333,147.9167,-30.6,96,95,1.45
86,Albany,US,2022-01-28 23:30:02,42.6001,-73.9662,28.35,79,100,3.0
87,Atar,MR,2022-01-28 23:32:32,20.5169,-13.0499,70.93,23,100,7.14
88,Zhigansk,RU,2022-01-28 23:32:32,66.7697,123.3711,-10.61,97,91,18.43
89,Pangoa,PE,2022-01-28 23:32:32,-12.1167,-73.0,70.16,98,100,1.92
90,Grindavik,IS,2022-01-28 23:32:33,63.8424,-22.4338,23.47,63,75,21.85
91,Bengkulu,ID,2022-01-28 23:33:33,-3.8004,102.2655,76.14,86,100,3.49
92,Kumluca,TR,2022-01-28 23:33:34,36.3703,30.2869,36.68,71,17,5.59
93,Saint George,US,2022-01-28 23:33:34,37.1041,-113.5841,61.27,14,0,3.0
94,Sinnamary,GF,2022-01-28 23:33:34,5.3833,-52.95,75.09,89,34,8.66
95,Torbay,CA,2022-01-28 23:30:39,47.6666,-52.7314,27.27,84,100,10.36
96,Padang,ID,2022-01-28 23:32:08,-0.9492,100.3543,77.27,84,92,3.96
97,Lavrentiya,RU,2022-01-28 23:33:35,65.5833,-171.0,-6.23,94,6,3.44
98,Carnarvon,AU,2022-01-28 23:29:27,-24.8667,113.6333,73.47,94,40,9.22
99,Nemuro,JP,2022-01-28 23:33:35,43.3236,145.575,22.28,78,90,10.16
100,Faanui,PF,2022-01-28 23:33:35,-16.4833,-151.75,81.5,73,9,15.84
101,Visnes,NO,2022-01-28 23:33:36,59.3556,5.2242,46.45,93,100,24.16
102,Kutum,SD,2022-01-28 23:33:36,14.2,24.6667,50.29,18,5,10.2
103,Thunder Bay,CA,2022-01-28 23:33:36,48.4001,-89.3168,8.58,56,75,2.3
104,Erzin,TR,2022-01-28 23:33:37,36.9559,36.2,36.32,73,29,4.9
105,Clyde River,CA,2022-01-28 23:33:37,70.4692,-68.5914,-9.17,77,100,43.73
106,Jacareacanga,BR,2022-01-28 23:33:37,-6.2222,-57.7528,73.72,98,99,1.57
107,Jumla,NP,2022-01-28 23:33:38,29.2747,82.1838,31.33,33,0,5.14
108,Kushima,JP,2022-01-28 23:33:38,31.4583,131.2333,48.24,65,99,7.07
109,Pauini,BR,2022-01-28 23:33:38,-7.7136,-66.9764,74.3,98,100,2.8
110,Lompoc,US,2022-01-28 23:33:39,34.6391,-120.4579,73.54,37,0,10.36
111,Jibuti,DJ,2022-01-28 23:33:39,11.5,42.5,71.02,73,66,6.69
112,Ponta Do Sol,PT,2022-01-28 23:33:39,32.6667,-17.1,62.71,66,78,6.11
113,Lagoa,PT,2022-01-28 23:33:40,39.05,-27.9833,57.87,59,62,11.48
114,Rosa Zarate,EC,2022-01-28 23:33:40,0.3333,-79.4667,73.26,95,92,3.69
115,Severo-Kurilsk,RU,2022-01-28 23:33:41,50.6789,156.125,23.63,74,100,28.27
116,Hithadhoo,MV,2022-01-28 23:33:41,-0.6,73.0833,80.29,66,53,7.94
117,Opuwo,NA,2022-01-28 23:33:41,-18.0607,13.84,64.99,54,20,5.93
118,Pevek,RU,2022-01-28 23:33:42,69.7008,170.3133,-12.44,98,57,1.97
119,Vao,NC,2022-01-28 23:33:42,-22.6667,167.4833,78.78,83,100,22.62
120,Kodiak,US,2022-01-28 23:33:17,57.79,-152.4072,26.11,74,100,18.41
121,Coquimbo,CL,2022-01-28 23:30:18,-29.9533,-71.3436,65.93,72,0,13.8
122,Vaitape,PF,2022-01-28 23:33:43,-16.5167,-151.75,81.54,73,9,15.79
123,Saint-Philippe,RE,2022-01-28 23:33:43,-21.3585,55.7679,74.79,75,7,4.97
124,Porto Santo,PT,2022-01-28 23:33:43,33.072,-16.3415,60.71,77,40,14.97
125,Ibra,OM,2022-01-28 23:33:44,22.6906,58.5334,62.58,58,0,1.3
126,Palasa,IN,2022-01-28 23:33:44,18.7667,84.4167,61.65,53,91,4.68
127,Haines Junction,CA,2022-01-28 23:33:44,60.7522,-137.5108,35.55,64,100,9.22
128,San Patricio,US,2022-01-28 23:33:45,28.017,-97.5169,60.89,41,50,8.21
129,San Pedro,PH,2022-01-28 23:33:45,14.35,121.0167,79.11,89,40,1.14
130,Santa Rosa,PH,2022-01-28 23:33:45,14.3122,121.1114,79.86,84,6,3.98
131,Fukue,JP,2022-01-28 23:33:46,32.6881,128.8419,46.76,66,75,8.05
132,Lasa,IT,2022-01-28 23:33:46,46.6166,10.7002,36.48,58,54,8.21
133,Lebu,CL,2022-01-28 23:33:46,-37.6167,-73.65,60.85,87,1,4.94
134,Muros,ES,2022-01-28 23:33:47,42.7762,-9.0603,46.9,83,0,7.23
135,Cherskiy,RU,2022-01-28 23:33:47,68.75,161.3,-9.38,93,100,4.36
136,Berlevag,NO,2022-01-28 23:34:47,70.8578,29.0864,29.08,59,100,10.54
137,Sao Filipe,CV,2022-01-28 23:34:48,14.8961,-24.4956,71.67,70,96,10.02
138,Tagusao,PH,2022-01-28 23:34:48,9.1924,117.8141,79.84,77,82,4.32
139,Vanimo,PG,2022-01-28 23:34:48,-2.6741,141.3028,80.69,80,97,3.0
140,Strezhevoy,RU,2022-01-28 23:34:49,60.7333,77.5889,-4.02,100,98,4.03
141,Nelson Bay,AU,2022-01-28 23:34:49,-32.7167,152.15,82.76,69,1,3.0
142,Uni,RU,2022-01-28 23:34:49,57.7535,51.4923,15.42,96,100,7.87
143,Hoi An,VN,2022-01-28 23:34:50,15.8794,108.335,69.76,89,53,7.27
144,Kagoro,NG,2022-01-28 23:34:50,9.6,8.3833,67.5,26,6,8.08
145,Rawson,AR,2022-01-28 23:34:50,-43.3002,-65.1023,68.88,74,23,14.74
146,Burlington,US,2022-01-28 23:31:00,39.8835,-74.6413,33.85,89,100,8.05
147,Marawi,PH,2022-01-28 23:34:51,7.9986,124.2928,66.65,86,18,1.07
148,Mayumba,GA,2022-01-28 23:34:51,-3.432,10.6554,76.26,88,76,4.9
149,Miranda,CO,2022-01-28 23:30:39,3.2499,-76.2281,77.13,89,96,3.31
150,Yar-Sale,RU,2022-01-28 23:34:51,66.8333,70.8333,-9.06,98,87,7.36
151,Asau,RO,2022-01-28 23:34:52,46.4333,26.4,34.72,91,90,3.91
152,Tuatapere,NZ,2022-01-28 23:34:52,-46.1333,167.6833,70.75,40,95,3.65
153,Nhulunbuy,AU,2022-01-28 23:34:52,-12.2333,136.7667,83.01,83,75,8.05
154,Jieshi,CN,2022-01-28 23:34:53,22.8134,115.8257,62.94,83,70,12.37
155,Whitehorse,CA,2022-01-28 23:34:53,60.7161,-135.0538,36.37,75,75,12.66
156,Kota Belud,MY,2022-01-28 23:34:53,6.351,116.4305,76.86,87,82,1.7
157,Baker City,US,2022-01-28 23:34:54,44.7749,-117.8344,29.32,74,0,20.71
158,Kabinda,CD,2022-01-28 23:34:54,-6.1333,24.4833,66.33,96,100,3.29
159,Kurilsk,RU,2022-01-28 23:34:54,45.2333,147.8833,23.76,66,77,10.74
160,Kargasok,RU,2022-01-28 23:34:55,59.0556,80.8572,-2.22,99,95,6.13
161,Brandfort,ZA,2022-01-28 23:34:55,-28.7001,26.4597,63.82,75,44,14.58
162,Kolokani,ML,2022-01-28 23:34:55,13.5728,-8.0339,73.89,16,14,8.99
163,Mandera,KE,2022-01-28 23:34:56,3.9366,41.867,78.01,25,51,5.1
164,Perpignan,FR,2022-01-28 23:34:56,42.75,2.75,50.83,52,0,19.57
165,Ler,SS,2022-01-28 23:30:17,8.3018,30.1418,73.62,22,5,7.23
166,Wahiawa,US,2022-01-28 23:34:56,21.5028,-158.0236,78.87,60,20,9.22
167,New Norfolk,AU,2022-01-28 23:31:22,-42.7826,147.0587,65.91,59,98,1.99
168,Olinda,BR,2022-01-28 23:34:57,-8.0089,-34.8553,78.53,78,75,5.75
169,Harper,LR,2022-01-28 23:34:57,4.375,-7.7169,79.61,81,65,7.23
170,Nongpoh,IN,2022-01-28 23:34:57,25.9,91.8833,44.17,77,17,3.2
171,Akureyri,IS,2022-01-28 23:34:58,65.6835,-18.0878,28.33,50,75,11.5
172,Gusau,NG,2022-01-28 23:34:58,12.1628,6.6614,67.68,21,2,14.76
173,Port Macquarie,AU,2022-01-28 23:31:45,-31.4333,152.9167,80.56,71,37,9.26
174,Chuy,UY,2022-01-28 23:34:59,-33.6971,-53.4616,64.67,72,38,6.67
175,Narsaq,GL,2022-01-28 23:34:59,60.9167,-46.05,19.62,95,100,5.86
176,Cayenne,GF,2022-01-28 23:34:59,4.9333,-52.3333,75.09,89,100,1.99
177,Wisconsin Rapids,US,2022-01-28 23:35:00,44.3836,-89.8174,16.83,38,100,8.05
178,Beisfjord,NO,2022-01-28 23:35:00,68.3751,17.5988,17.65,86,48,10.02
179,Airai,TL,2022-01-28 23:35:01,-8.9266,125.4092,66.58,77,100,4.27
180,Hami,CN,2022-01-28 23:35:01,42.8,93.45,20.41,54,0,4.76
181,Nanortalik,GL,2022-01-28 23:35:01,60.1432,-45.2371,26.15,90,100,12.17
182,East London,ZA,2022-01-28 23:35:02,-33.0153,27.9116,67.95,77,47,11.5
183,Omsukchan,RU,2022-01-28 23:35:02,62.5333,155.8,0.61,95,100,7.54
184,Portland,US,2022-01-28 23:32:02,45.5234,-122.6762,53.62,54,75,1.99
185,Kavaratti,IN,2022-01-28 23:36:03,10.5669,72.642,80.6,71,18,9.4
186,Kamyaran,IR,2022-01-28 23:36:03,34.7956,46.9355,26.55,94,54,3.13
187,Mbandaka,CD,2022-01-28 23:36:03,0.0487,18.2603,74.91,43,23,0.85
188,Bonthe,SL,2022-01-28 23:36:04,7.5264,-12.505,78.31,83,72,4.83
189,Homer,US,2022-01-28 23:36:04,59.6425,-151.5483,26.49,80,100,0.0
190,Victoria,HK,2022-01-28 23:33:58,22.2855,114.1577,65.32,91,83,1.01
191,Manaquiri,BR,2022-01-28 23:36:04,-3.3167,-60.35,77.49,96,100,0.94
192,Coihaique,CL,2022-01-28 23:36:00,-45.5752,-72.0662,77.61,14,0,11.5
193,Cairns,AU,2022-01-28 23:36:05,-16.9167,145.7667,80.55,83,100,5.75
194,Agadir,MA,2022-01-28 23:36:05,30.4202,-9.5982,68.45,38,0,31.54
195,Primorsk,UA,2022-01-28 23:36:05,46.7348,36.3443,35.33,92,100,13.73
196,Luderitz,NA,2022-01-28 23:36:06,-26.6481,15.1594,68.83,72,3,28.1
197,Namatanai,PG,2022-01-28 23:36:06,-3.6667,152.4333,83.43,75,94,4.63
198,Plaster Rock,CA,2022-01-28 23:36:06,46.9065,-67.39,10.92,92,100,6.55
199,Aasiaat,GL,2022-01-28 23:36:07,68.7098,-52.8699,21.36,67,100,27.47
200,Puri,IN,2022-01-28 23:36:07,19.8,85.85,57.72,63,46,9.01
201,Indramayu,ID,2022-01-28 23:36:07,-6.3264,108.32,79.43,84,100,5.17
202,Cahors,FR,2022-01-28 23:36:08,44.4167,1.3333,31.15,84,56,2.53
203,Brae,GB,2022-01-28 23:36:08,60.3964,-1.353,48.11,96,100,26.35
204,Palestine,PS,2022-01-28 23:36:08,31.9216,35.2033,39.33,96,65,5.79
205,Seeboden,AT,2022-01-28 23:36:09,46.8219,13.495,24.85,91,29,5.95
206,Curaca,BR,2022-01-28 23:36:09,-8.9903,-39.9094,73.2,80,99,10.89
207,Mochudi,BW,2022-01-28 23:36:09,-24.4167,26.15,72.19,83,47,6.78
208,Otane,NZ,2022-01-28 23:36:10,-39.8833,176.6333,80.38,24,85,4.92
209,Katsuura,JP,2022-01-28 23:36:10,35.1333,140.3,43.2,70,100,7.85
210,Ola,RU,2022-01-28 23:36:11,59.5833,151.2833,14.76,76,100,17.13
211,Mehamn,NO,2022-01-28 23:36:11,71.0357,27.8492,22.91,63,100,3.8
212,Lorengau,PG,2022-01-28 23:34:30,-2.0226,147.2712,81.77,81,98,5.23
213,Bambous Virieux,MU,2022-01-28 23:36:11,-20.3428,57.7575,77.25,94,75,0.0
214,Ayan,RU,2022-01-28 23:36:12,56.45,138.1667,-5.46,84,100,12.21
215,Taby,SE,2022-01-28 23:36:12,59.4439,18.0687,31.87,73,100,8.05
216,Port Alfred,ZA,2022-01-28 23:35:53,-33.5906,26.891,65.79,81,22,7.96
217,Kendari,ID,2022-01-28 23:36:13,-3.945,122.4989,79.2,85,100,2.17
218,Pisco,PE,2022-01-28 23:34:48,-13.7,-76.2167,71.65,68,20,16.11
219,Geraldton,AU,2022-01-28 23:36:13,-28.7667,114.6,77.41,65,0,6.91
220,Kawalu,ID,2022-01-28 23:36:13,-7.3817,108.2082,74.75,90,98,1.41
221,Dickinson,US,2022-01-28 23:32:37,29.4608,-95.0513,58.15,36,0,3.0
222,Laurel,US,2022-01-28 23:36:09,39.0993,-76.8483,34.38,95,100,3.44
223,Pangnirtung,CA,2022-01-28 23:36:14,66.1451,-65.7125,-11.2,77,100,0.0
224,General Higinio Morinigo,PY,2022-01-28 23:36:14,-25.95,-55.9167,74.48,64,38,5.61
225,Tocopilla,CL,2022-01-28 23:36:15,-22.092,-70.1979,67.53,74,23,4.43
226,Umm Lajj,SA,2022-01-28 23:36:15,25.0213,37.2685,60.48,49,2,13.35
227,Tshane,BW,2022-01-28 23:36:15,-24.0196,21.8684,73.22,65,18,11.03
228,Vila Do Maio,CV,2022-01-28 23:37:16,15.1333,-23.2167,70.59,71,100,16.78
229,Yellowknife,CA,2022-01-28 23:37:16,62.456,-114.3525,-0.58,90,75,9.22
230,Savannah Bight,HN,2022-01-28 23:37:16,16.45,-85.85,80.65,68,4,8.9
231,Nome,US,2022-01-28 23:37:17,64.5011,-165.4064,-4.85,64,0,0.0
232,Norman Wells,CA,2022-01-28 23:37:17,65.282,-126.8329,-5.76,71,100,9.22
233,Quatre Cocos,MU,2022-01-28 23:37:17,-20.2078,57.7625,77.11,81,21,7.38
234,Kruisfontein,ZA,2022-01-28 23:32:46,-34.0033,24.7314,62.89,83,41,3.94
235,Katobu,ID,2022-01-28 23:37:18,-4.9408,122.5276,80.74,80,100,4.83
236,Vila Franca Do Campo,PT,2022-01-28 23:35:45,37.7167,-25.4333,58.19,81,51,8.9
237,Swan Hill,AU,2022-01-28 23:37:18,-35.3378,143.5544,79.59,69,39,8.99
238,Leh,IN,2022-01-28 23:37:19,34.1667,77.5833,-6.5,78,19,2.15
239,Tuktoyaktuk,CA,2022-01-28 23:37:19,69.4541,-133.0374,-18.4,76,20,14.97
240,Kholodnyy,RU,2022-01-28 23:37:19,62.7167,147.95,-0.56,93,100,4.97
241,Kloulklubed,PW,2022-01-28 23:37:20,7.0419,134.2556,81.1,79,88,13.78
242,Kovdor,RU,2022-01-28 23:37:20,67.5662,30.4758,5.05,99,98,4.34
243,Asosa,ET,2022-01-28 23:37:20,10.0667,34.5333,62.28,43,0,5.73
244,Thompson,CA,2022-01-28 23:35:06,55.7435,-97.8558,-5.64,71,100,0.0
245,San Jose,US,2022-01-28 23:35:18,37.3394,-121.895,70.05,40,40,1.99
246,Srednekolymsk,RU,2022-01-28 23:37:21,67.45,153.6833,-9.54,94,100,2.93
247,Tiksi,RU,2022-01-28 23:37:21,71.6872,128.8694,-8.5,99,89,7.9
248,Curup,ID,2022-01-28 23:37:22,-3.4667,102.5333,68.16,96,100,2.37
249,Kudahuvadhoo,MV,2022-01-28 23:37:22,2.6708,72.8944,79.88,63,40,9.95
250,Burns Lake,CA,2022-01-28 23:37:22,54.2331,-125.7533,22.42,93,100,2.77
251,Iqaluit,CA,2022-01-28 23:37:23,63.7506,-68.5145,-16.87,76,100,12.66
252,Urdoma,RU,2022-01-28 23:37:23,61.7533,48.5442,9.82,93,100,7.76
253,Upernavik,GL,2022-01-28 23:37:23,72.7868,-56.1549,4.06,68,100,6.87
254,Baghdad,IQ,2022-01-28 23:33:06,33.3406,44.4009,42.71,70,100,3.44
255,Ust-Uda,RU,2022-01-28 23:37:24,54.1742,103.0304,-20.78,100,100,0.65
256,Marsa Matruh,EG,2022-01-28 23:37:24,31.3525,27.2453,53.69,67,43,12.08
257,Kaitangata,NZ,2022-01-28 23:37:24,-46.2817,169.8464,63.93,75,93,3.53
258,Bilibino,RU,2022-01-28 23:37:25,68.0546,166.4372,-9.9,97,100,4.14
259,Souillac,MU,2022-01-28 23:37:02,-20.5167,57.5167,77.38,94,75,0.0
260,Nanhyanga,TZ,2022-01-28 23:37:25,-10.8,39.55,68.36,98,97,2.17
261,Isangel,VU,2022-01-28 23:35:55,-19.55,169.2667,80.71,89,100,4.61
262,Ostersund,SE,2022-01-28 23:37:25,63.1792,14.6357,29.61,80,100,16.11
263,Mongo,TD,2022-01-28 23:37:26,12.1844,18.693,65.35,19,40,7.02
264,Cabo San Lucas,MX,2022-01-28 23:36:31,22.8909,-109.9124,81.61,56,0,5.99
265,Winnemucca,US,2022-01-28 23:37:26,40.973,-117.7357,48.25,27,0,11.5
266,Kingston,JM,2022-01-28 23:35:41,17.997,-76.7936,79.75,76,75,3.0
267,Inhambane,MZ,2022-01-28 23:32:45,-23.865,35.3833,75.51,82,28,5.3
268,Goba,ET,2022-01-28 23:37:27,7.0167,39.9833,48.2,41,98,4.23
269,Paratebueno,CO,2022-01-28 23:35:02,4.3758,-73.2155,83.41,39,97,2.86
270,Yuancheng,CN,2022-01-28 23:37:27,36.652,107.7896,17.15,94,20,1.61
271,Caravelas,BR,2022-01-28 23:37:28,-17.7125,-39.2481,77.67,81,20,8.61
272,Virginia Beach,US,2022-01-28 23:35:25,36.8529,-75.978,41.11,78,100,3.0
273,Marzuq,YE,2022-01-28 23:37:28,14.4,46.4667,58.77,31,25,2.33
274,Calvinia,ZA,2022-01-28 23:38:28,-31.4707,19.776,69.51,51,0,6.22
275,Ostrovnoy,RU,2022-01-28 23:34:37,68.0531,39.5131,11.41,94,90,9.06
276,Shizuishan,CN,2022-01-28 23:38:29,39.2333,106.7694,18.75,58,0,5.12
277,Taltal,CL,2022-01-28 23:38:29,-25.4,-70.4833,66.79,78,23,5.99
278,Kayes,ML,2022-01-28 23:38:29,14.0,-11.0,81.21,11,37,6.91
279,Reconquista,AR,2022-01-28 23:38:30,-29.15,-59.65,76.05,36,0,8.41
280,Tsabong,BW,2022-01-28 23:38:30,-26.0217,22.401,77.85,54,30,9.15
281,Yangambi,CD,2022-01-28 23:38:30,0.8102,24.4336,70.47,77,94,0.51
282,Simao,CN,2022-01-28 23:38:31,22.7886,100.9748,45.52,79,46,1.23
283,Tortoli,IT,2022-01-28 23:38:31,39.9256,9.6572,44.42,87,0,10.36
284,Alugan,PH,2022-01-28 23:38:31,12.2188,125.4808,79.45,84,98,4.43
285,Polson,US,2022-01-28 23:38:32,47.6936,-114.1632,27.1,83,100,1.88
286,Teguldet,RU,2022-01-28 23:38:32,57.3064,88.1667,1.83,97,97,4.74
287,Altona,DE,2022-01-28 23:38:32,53.55,9.9333,41.63,83,100,16.11
288,Fairbanks,US,2022-01-28 23:37:45,64.8378,-147.7164,6.76,51,75,0.0
289,Bullhead City,US,2022-01-28 23:38:33,35.1478,-114.5683,67.95,13,75,27.63
290,Izvestkovyy,RU,2022-01-28 23:38:33,48.9833,131.55,-13.31,94,80,3.38
291,Tucuman,AR,2022-01-28 23:38:33,-26.8241,-65.2226,71.6,78,0,6.91
292,Hirara,JP,2022-01-28 23:37:05,24.8,125.2833,68.27,94,75,3.44
293,Aklavik,CA,2022-01-28 23:38:34,68.2191,-135.0107,-16.6,76,20,5.75
294,Peterborough,GB,2022-01-28 23:37:45,52.5736,-0.2478,49.08,89,100,14.97
295,Terra Santa,BR,2022-01-28 23:38:34,-2.1042,-56.4869,75.22,93,91,1.77
296,Motala,SE,2022-01-28 23:38:35,58.5371,15.0365,35.38,87,99,17.18
297,Melo,UY,2022-01-28 23:38:35,-32.3667,-54.1833,66.18,67,23,12.39
298,Taft,IR,2022-01-28 23:38:35,31.7471,54.2088,31.95,32,33,2.3
299,Hasaki,JP,2022-01-28 23:38:32,35.7333,140.8333,36.0,61,100,5.75
300,Guayape,HN,2022-01-28 23:38:36,14.7167,-86.8333,76.19,66,93,4.14
301,Almaznyy,RU,2022-01-28 23:38:36,48.0448,40.045,33.94,98,100,16.91
302,Thinadhoo,MV,2022-01-28 23:38:36,0.5333,72.9333,80.28,65,21,9.62
303,Talakan,RU,2022-01-28 23:38:36,50.3167,130.3667,-22.88,99,90,1.95
304,Iberia,US,2022-01-28 23:38:37,29.9502,-91.7507,53.67,30,0,11.5
305,Tasiilaq,GL,2022-01-28 23:38:37,65.6145,-37.6368,14.16,69,48,6.64
306,Namalenga,TZ,2022-01-28 23:38:37,-10.95,39.1,69.04,96,99,1.5
307,Pemangkat,ID,2022-01-28 23:38:38,1.1667,108.9667,76.6,86,100,4.65
308,Barmer,IN,2022-01-28 23:38:38,25.75,71.3833,55.6,22,0,1.92
309,Saint Anthony,US,2022-01-28 23:38:38,45.0205,-93.218,15.64,55,40,1.99
310,Cockburn Town,TC,2022-01-28 23:35:42,21.4612,-71.1419,76.96,69,40,4.61
311,Avera,US,2022-01-28 23:37:02,33.194,-82.5271,48.38,54,100,15.1
312,Mahon,ES,2022-01-28 23:38:39,39.8885,4.2658,48.76,87,0,6.91
313,Touho,NC,2022-01-28 23:38:39,-20.7833,165.2333,80.8,78,100,22.93
314,Sotnikovo,RU,2022-01-28 23:38:40,51.8845,107.4791,-32.71,75,20,2.24
315,Matagami,CA,2022-01-28 23:38:40,49.7502,-77.6328,-11.09,84,0,6.91
316,Gabu,GW,2022-01-28 23:38:40,12.2833,-14.2167,72.99,32,32,5.3
317,Behshahr,IR,2022-01-28 23:38:41,36.6923,53.5526,40.3,84,21,4.61
318,Copiapo,CL,2022-01-28 23:39:41,-27.3667,-70.3333,64.09,63,0,5.53
319,Port-Gentil,GA,2022-01-28 23:38:26,-0.7193,8.7815,80.31,83,92,10.42
320,Manzhouli,CN,2022-01-28 23:39:41,49.6,117.4333,-8.37,88,7,8.43
321,Buchanan,LR,2022-01-28 23:39:42,5.8808,-10.0467,79.79,82,50,5.3
322,Bozuyuk,TR,2022-01-28 23:39:42,39.9078,30.0367,22.26,88,71,5.26
323,Leningradskiy,RU,2022-01-28 23:39:42,69.3833,178.4167,-11.69,94,57,2.64
324,Guerrero Negro,MX,2022-01-28 23:39:43,27.9769,-114.0611,72.32,26,23,6.44
325,Laki,BG,2022-01-28 23:39:43,41.85,24.8167,32.16,79,87,4.52
326,Lock Haven,US,2022-01-28 23:39:19,41.137,-77.4469,29.35,89,100,6.53
327,Guane,CU,2022-01-28 23:39:43,22.2025,-84.0875,70.36,76,50,7.63
328,Egvekinot,RU,2022-01-28 23:39:44,66.3167,-179.1667,-5.04,88,32,1.81
329,Dunedin,NZ,2022-01-28 23:39:07,-45.8742,170.5036,66.6,63,100,4.38
330,Goderich,CA,2022-01-28 23:39:42,43.7501,-81.7165,6.91,66,48,6.91
331,Sao Joao Da Barra,BR,2022-01-28 23:39:44,-21.6403,-41.0511,77.11,88,38,19.55
332,Belaya Gora,RU,2022-01-28 23:39:32,68.5333,146.4167,-23.08,94,100,1.95
333,Baykit,RU,2022-01-28 23:39:45,61.67,96.37,-14.33,100,100,1.7
334,Axim,GH,2022-01-28 23:39:45,4.8699,-2.2405,78.67,82,87,4.54
335,Baruun-Urt,MN,2022-01-28 23:39:45,46.6806,113.2792,-10.16,90,3,2.28
336,Kokoda,PG,2022-01-28 23:39:46,-8.8785,147.7407,85.64,63,100,0.72
337,Naze,JP,2022-01-28 23:39:46,28.3667,129.4833,54.52,81,100,11.39
338,Zeya,RU,2022-01-28 23:39:46,53.75,127.2667,-6.23,91,53,3.76
339,Borogontsy,RU,2022-01-28 23:39:47,62.6683,131.1683,-30.05,100,100,1.77
340,San Juan Del Sur,NI,2022-01-28 23:39:47,11.2529,-85.8705,82.62,65,0,6.91
341,Saint-Pierre,RE,2022-01-28 23:39:47,-21.3393,55.4781,74.88,69,0,6.91
342,Bubaque,GW,2022-01-28 23:38:35,11.2833,-15.8333,78.33,65,24,16.8
343,Mikuni,JP,2022-01-28 23:39:48,36.2171,136.1519,33.71,71,95,8.01
344,Alibunan,PH,2022-01-28 23:39:48,11.1465,122.4591,78.85,83,40,2.75
345,San-Pedro,CI,2022-01-28 23:39:48,4.7485,-6.6363,79.27,84,92,5.06
346,Hambantota,LK,2022-01-28 23:37:12,6.1241,81.1185,73.96,88,43,4.59
347,Gunnedah,AU,2022-01-28 23:39:49,-30.9833,150.25,80.22,50,1,2.13
348,Normandin,CA,2022-01-28 23:39:49,48.8333,-72.5321,-18.09,63,69,4.61
349,Gamba,GA,2022-01-28 23:39:49,-2.65,10.0,76.01,87,80,6.17
350,Saint-Joseph,RE,2022-01-28 23:39:50,-21.3667,55.6167,73.78,70,3,6.13
351,Sao Jose Da Coroa Grande,BR,2022-01-28 23:39:50,-8.8978,-35.1478,79.9,75,96,12.21
352,Santiago De Cao,PE,2022-01-28 23:39:50,-7.9589,-79.2392,68.13,83,75,11.5
353,Port Lincoln,AU,2022-01-28 23:39:51,-34.7333,135.8667,67.98,73,90,15.5
354,Kununurra,AU,2022-01-28 23:39:51,-15.7667,128.7333,82.38,89,75,5.75
355,Labuhan,ID,2022-01-28 23:39:51,-6.8844,112.2051,79.65,82,100,6.33
356,Huanren,CN,2022-01-28 23:39:52,41.2647,125.3667,6.71,82,9,1.74
357,Mao,ES,2022-01-28 23:39:52,39.8885,4.2658,48.76,87,0,6.91
358,Ahipara,NZ,2022-01-28 23:39:52,-35.1667,173.1667,74.7,51,100,10.36
359,Andros Town,BS,2022-01-28 23:39:53,24.7,-77.7667,75.16,78,96,16.71
360,Rameshki,RU,2022-01-28 23:37:18,57.3439,36.0453,20.8,97,100,4.59
361,Hellvik,NO,2022-01-28 23:39:53,59.9156,5.781,44.01,92,100,13.11
362,Maningrida,AU,2022-01-28 23:39:53,-12.0667,134.2667,82.98,79,100,11.88
363,Along,IN,2022-01-28 23:39:54,28.1667,94.7667,41.32,80,1,1.92
364,Pueblo,US,2022-01-28 23:38:15,38.2545,-104.6091,52.56,22,0,5.75
365,Joigny,FR,2022-01-28 23:40:54,47.9829,3.401,37.81,95,90,4.97
366,Inverell,AU,2022-01-28 23:40:54,-29.7833,151.1167,82.67,56,1,3.0
367,Ancud,CL,2022-01-28 23:40:55,-41.8697,-73.8203,74.73,75,0,8.28
368,Victor Harbor,AU,2022-01-28 23:40:55,-35.5667,138.6167,75.72,82,39,1.99
369,Gasa,PS,2022-01-28 23:40:55,31.5,34.4667,48.88,76,55,8.03
370,Flinders,AU,2022-01-28 23:40:56,-34.5833,150.8552,86.05,73,30,5.01
371,Terrace,CA,2022-01-28 23:40:56,54.5163,-128.6035,40.91,93,100,8.05
372,Verkhnechusovskiye Gorodki,RU,2022-01-28 23:40:56,58.1671,57.1086,6.55,97,99,2.28
373,Ossora,RU,2022-01-28 23:40:57,59.2353,163.0719,33.51,85,100,17.09
374,Chake Chake,TZ,2022-01-28 23:40:57,-5.2459,39.7666,77.43,81,73,5.61
375,Riyadh,SA,2022-01-28 23:36:30,24.6877,46.7219,50.14,35,2,5.97
376,Hvittingfoss,NO,2022-01-28 23:40:57,59.4833,10.0167,41.7,55,100,3.0
377,Mortka,RU,2022-01-28 23:40:58,59.3322,66.0214,-3.01,99,50,4.68
378,Flin Flon,CA,2022-01-28 23:37:11,54.7682,-101.865,3.04,72,100,4.61
379,Kitgum,UG,2022-01-28 23:40:58,3.2783,32.8867,71.46,33,65,1.14
380,Balabac,PH,2022-01-28 23:40:58,7.9868,117.0645,80.06,80,100,3.24
381,La Paz,BO,2022-01-28 23:39:10,-16.5,-68.15,51.78,87,75,6.91
382,Karpathos,GR,2022-01-28 23:40:59,35.507,27.2132,51.76,66,31,3.44
383,Magdagachi,RU,2022-01-28 23:40:59,53.45,125.8,1.36,72,34,8.41
384,Rio Lindo,HN,2022-01-28 23:41:00,15.0333,-87.9833,81.19,85,67,3.49
385,Naryan-Mar,RU,2022-01-28 23:41:00,67.6713,53.087,-2.85,97,98,9.82
386,Pokhara,NP,2022-01-28 23:41:00,28.2333,83.9833,44.98,59,24,4.34
387,Ponta Delgada,PT,2022-01-28 23:41:00,37.7333,-25.6667,58.5,77,20,8.05
388,Prince Rupert,CA,2022-01-28 23:41:01,54.3161,-130.3201,44.69,81,100,12.66
389,Yulara,AU,2022-01-28 23:41:01,-25.2406,130.9889,82.24,47,61,18.41
390,Fiche,ET,2022-01-28 23:41:01,9.8,38.7333,49.48,50,96,2.21
391,San Cristobal,VE,2022-01-28 23:41:02,7.7669,-72.225,67.14,84,57,3.42
392,Naantali,FI,2022-01-28 23:41:02,60.4674,22.0243,29.86,100,52,1.14
393,Ca Mau,VN,2022-01-28 23:41:02,9.1769,105.15,73.96,86,43,2.1
394,Laguna,US,2022-01-28 23:41:03,38.421,-121.4238,64.9,47,0,1.01
395,Banepa,NP,2022-01-28 23:41:03,27.6298,85.5214,37.72,93,40,2.3
396,Puerto Madryn,AR,2022-01-28 23:37:28,-42.7692,-65.0385,82.89,37,9,7.61
397,Bac Lieu,VN,2022-01-28 23:41:04,9.285,105.7244,75.2,85,32,2.46
398,Lodja,CD,2022-01-28 23:41:04,-3.4833,23.4333,71.2,96,100,1.03
399,Tripoli,LY,2022-01-28 23:36:09,32.8752,13.1875,52.97,51,0,10.38
400,Chipinge,ZW,2022-01-28 23:41:04,-20.1883,32.6236,63.84,97,97,3.8
401,Da Nang,VN,2022-01-28 23:41:05,16.0678,108.2208,69.85,94,20,0.0
402,Mathbaria,BD,2022-01-28 23:41:05,22.2876,89.9593,54.05,61,0,5.41
403,Aykhal,RU,2022-01-28 23:41:05,66.0,111.5,-17.46,100,69,4.97
404,Morondava,MG,2022-01-28 23:41:06,-20.2833,44.2833,79.65,75,15,1.23
405,Purna,IN,2022-01-28 23:41:06,19.1833,77.05,56.8,39,2,3.91
406,Palauig,PH,2022-01-28 23:41:06,15.435,119.9045,79.99,78,96,2.35
407,Belyy Yar,RU,2022-01-28 23:41:07,53.6039,91.3903,-11.31,68,75,0.0
408,Russell,US,2022-01-28 23:41:07,32.3502,-85.1999,46.11,45,75,16.11
409,Van,TR,2022-01-28 23:36:49,38.4924,43.3831,25.95,74,75,6.91
410,San Quintin,MX,2022-01-28 23:41:07,30.4833,-115.95,65.53,39,95,7.29
411,Samarai,PG,2022-01-28 23:42:08,-10.6167,150.6667,83.62,68,94,3.87
412,Florence,IT,2022-01-28 23:38:56,43.7667,11.25,46.54,62,43,2.3
413,Atoyac,MX,2022-01-28 23:42:08,20.0167,-103.5333,82.76,26,95,1.45
414,Ramshir,IR,2022-01-28 23:42:08,30.8946,49.4092,46.15,49,53,9.1
415,Mirai,BR,2022-01-28 23:42:09,-21.1953,-42.6142,72.52,89,81,4.18
416,Galesong,ID,2022-01-28 23:42:09,-5.3166,119.3661,75.22,75,100,1.03
417,Valpoi,IN,2022-01-28 23:42:09,15.5305,74.1356,70.0,43,10,6.49
418,Tigil,RU,2022-01-28 23:42:10,57.8,158.6667,32.16,77,99,13.73
419,Phalodi,IN,2022-01-28 23:42:10,27.1333,72.3667,57.65,20,0,3.49
420,Quilmana,PE,2022-01-28 23:42:10,-12.95,-76.3833,70.18,83,56,4.07
421,Itarema,BR,2022-01-28 23:42:11,-2.9248,-39.9167,73.31,84,100,6.6
422,Hobyo,SO,2022-01-28 23:42:11,5.3505,48.5268,76.28,67,71,20.2
423,Xinzhou,CN,2022-01-28 23:42:12,38.4092,112.7333,22.98,62,22,2.19
424,Boguchar,RU,2022-01-28 23:42:12,49.9358,40.545,30.87,97,100,13.71
425,Zhuhai,CN,2022-01-28 23:42:12,22.2769,113.5678,65.05,88,40,9.22
426,Byron Bay,AU,2022-01-28 23:42:13,-28.65,153.6167,82.35,73,62,8.61
427,Dingle,PH,2022-01-28 23:42:13,10.9995,122.6711,79.38,82,40,3.8
428,Ambilobe,MG,2022-01-28 23:39:41,-13.2,49.05,73.45,91,94,1.83
429,Boaco,NI,2022-01-28 23:42:13,12.4722,-85.6586,84.42,58,39,8.23
430,Richards Bay,ZA,2022-01-28 23:42:14,-28.783,32.0377,74.08,83,95,14.25
431,Oktyabrskiy,RU,2022-01-28 23:42:14,54.4815,53.471,1.08,99,95,1.54
432,Nerchinskiy Zavod,RU,2022-01-28 23:42:14,51.3088,119.61,-19.84,97,74,2.06
433,Saldanha,ZA,2022-01-28 23:42:15,-33.0117,17.9442,62.65,82,0,16.96
434,Boralday,KZ,2022-01-28 23:42:15,43.3578,76.8594,22.86,93,75,6.71
435,Bimbo,CF,2022-01-28 23:42:15,4.2567,18.4158,71.53,49,22,3.44
436,Kaeo,NZ,2022-01-28 23:42:16,-35.1,173.7833,74.32,64,99,14.23
437,Prince George,CA,2022-01-28 23:42:16,53.9166,-122.753,31.44,88,100,12.66
438,Jalingo,NG,2022-01-28 23:42:16,8.8833,11.3667,72.48,22,67,6.55
439,El Alto,PE,2022-01-28 23:39:43,-4.2714,-81.2147,70.65,83,89,3.31
440,Nador,MA,2022-01-28 23:42:17,35.174,-2.9287,59.25,77,20,8.05
441,Gornopravdinsk,RU,2022-01-28 23:42:17,60.05,69.9,-6.84,100,100,4.0
442,Ilulissat,GL,2022-01-28 23:42:18,69.2167,-51.1,19.42,49,100,20.71
443,Hokitika,NZ,2022-01-28 23:42:18,-42.7167,170.9667,65.68,60,46,7.23
444,Ixtapa,MX,2022-01-28 23:42:18,20.7,-105.2,75.22,79,77,5.01
445,Oudtshoorn,ZA,2022-01-28 23:42:18,-33.5907,22.2014,61.16,80,44,2.91
446,Tandil,AR,2022-01-28 23:42:19,-37.3217,-59.1332,63.82,66,0,7.47
447,Rio Gallegos,AR,2022-01-28 23:41:34,-51.6226,-69.2181,62.65,59,75,28.77
448,Camacha,PT,2022-01-28 23:42:19,33.0833,-16.3333,57.96,82,40,13.8
449,Segou,ML,2022-01-28 23:42:20,13.4317,-6.2157,78.06,15,8,9.6
450,Gumdag,TM,2022-01-28 23:42:20,39.2061,54.5906,37.99,76,5,3.98
451,Bansko,BG,2022-01-28 23:40:11,41.8383,23.4885,24.71,89,66,4.61
452,Kimbe,PG,2022-01-28 23:42:20,-5.5502,150.1429,83.14,75,90,3.0
453,Makokou,GA,2022-01-28 23:42:21,0.5738,12.8642,72.12,73,64,1.61
454,Anakapalle,IN,2022-01-28 23:42:21,17.6833,83.0167,66.15,87,90,4.43
455,Wanning,CN,2022-01-28 23:42:21,18.8003,110.3967,65.59,91,100,8.16
456,Dothan,US,2022-01-28 23:42:22,31.2232,-85.3905,49.24,51,83,7.0
457,Nortelandia,BR,2022-01-28 23:42:22,-14.4547,-56.8028,73.87,95,100,2.62
458,Port Blair,IN,2022-01-28 23:43:22,11.6667,92.75,80.64,78,40,5.75
459,Odweyne,SO,2022-01-28 23:43:23,9.4092,45.064,61.48,44,85,9.98
460,Andenes,NO,2022-01-28 23:43:23,69.3143,16.1194,15.78,79,20,8.05
461,Eyemouth,GB,2022-01-28 23:43:23,55.8713,-2.0901,51.84,78,100,33.6
462,Moose Factory,CA,2022-01-28 23:43:24,51.2585,-80.6094,-2.2,65,100,6.91
463,Bujaru,BR,2022-01-28 23:43:24,-1.515,-48.0447,73.42,98,95,3.18
464,Vestmannaeyjar,IS,2022-01-28 23:43:24,63.4427,-20.2734,30.04,81,100,24.0
465,Domoni,KM,2022-01-28 23:43:25,-12.2569,44.5319,78.6,80,71,3.51
466,Santiago Del Estero,AR,2022-01-28 23:43:25,-27.7951,-64.2615,75.04,47,4,4.07
467,Amuntai,ID,2022-01-28 23:43:25,-2.4177,115.2494,75.22,95,100,1.03
468,Wonthaggi,AU,2022-01-28 23:43:26,-38.6044,145.5913,69.44,77,93,8.1
469,Dakar,SN,2022-01-28 23:43:26,14.6937,-17.4441,70.68,71,100,19.19
470,Tragana,GR,2022-01-28 23:43:26,38.6167,23.1167,43.47,79,99,1.63
471,Sebinkarahisar,TR,2022-01-28 23:43:26,40.2883,38.4236,-0.09,89,28,4.09
472,Pimentel,PE,2022-01-28 23:43:27,-6.8367,-79.9342,73.69,64,0,19.57
473,Sabha,LY,2022-01-28 23:43:27,27.0377,14.4283,46.09,42,99,5.08
474,Margate,GB,2022-01-28 23:43:27,51.3813,1.3862,48.96,85,100,5.01
475,La Ronge,CA,2022-01-28 23:43:28,55.1001,-105.2842,10.65,85,100,10.36
476,Labelle,US,2022-01-28 23:43:28,26.7617,-81.4384,66.27,70,80,14.29
477,Sibolga,ID,2022-01-28 23:43:28,1.7427,98.7792,75.29,88,87,3.65
478,Aginskoye,RU,2022-01-28 23:43:29,51.1,114.53,-13.23,97,8,5.91
479,Bandarbeyla,SO,2022-01-28 23:39:52,9.4942,50.8122,72.93,77,76,17.52
480,Ozinki,RU,2022-01-28 23:43:29,51.1786,49.6769,7.03,98,91,3.6
481,Macherla,IN,2022-01-28 23:43:29,16.4833,79.4333,60.21,37,14,3.44
482,Popondetta,PG,2022-01-28 23:43:30,-8.7537,148.2534,82.58,74,100,2.44
483,Muncar,ID,2022-01-28 23:43:30,-8.4333,114.3333,77.41,85,100,2.86
484,Seymchan,RU,2022-01-28 23:43:30,62.8833,152.4333,-6.92,89,100,7.23
485,Nuevo Casas Grandes,MX,2022-01-28 23:43:31,30.4167,-107.9167,50.76,31,23,8.99
486,Peniche,PT,2022-01-28 23:43:31,39.3558,-9.3811,54.88,48,0,11.74
487,Bolu,TR,2022-01-28 23:43:31,40.6667,31.5833,15.98,86,84,3.62
488,Lindi,TZ,2022-01-28 23:43:32,-10.0,39.7167,73.44,98,100,2.75
489,Tulun,RU,2022-01-28 23:43:32,54.5611,100.5792,-22.81,100,100,2.75
490,Salinopolis,BR,2022-01-28 23:43:32,-0.6136,-47.3561,76.53,89,100,12.26
491,Provideniya,RU,2022-01-28 23:43:33,64.3833,-173.3,0.72,97,20,2.64
492,Guozhen,CN,2022-01-28 23:43:33,34.3659,107.359,25.2,86,64,2.42
493,Tura,IN,2022-01-28 23:43:33,25.5198,90.2201,49.26,56,0,3.62
494,Acapulco,MX,2022-01-28 23:43:33,16.8634,-99.8901,82.22,74,40,9.22
495,Gravdal,NO,2022-01-28 23:43:34,68.1214,13.5031,29.37,62,98,20.18
496,Vilyuysk,RU,2022-01-28 23:43:34,63.7553,121.6247,-16.67,98,29,6.13
497,Yoichi,JP,2022-01-28 23:43:34,43.2039,140.7703,25.77,76,100,17.25
498,Weyburn,CA,2022-01-28 23:43:35,49.6668,-103.8511,17.19,85,99,9.22
499,Khandyga,RU,2022-01-28 23:43:35,62.6667,135.6,-41.33,99,86,2.3
500,Nyurba,RU,2022-01-28 23:43:35,63.2842,118.3319,-25.15,100,31,3.8
501,Svetlograd,RU,2022-01-28 23:43:36,45.3353,42.8547,30.18,84,42,6.02
502,Sampit,ID,2022-01-28 23:43:36,-2.5333,112.95,73.38,94,99,1.39
503,Sur,OM,2022-01-28 23:42:29,22.5667,59.5289,68.77,54,0,3.36
504,Ekhabi,RU,2022-01-28 23:43:36,53.5102,142.9671,-13.54,90,9,11.41
505,Alofi,NU,2022-01-28 23:43:37,-19.0595,-169.9187,85.89,70,72,13.8
506,Elko,US,2022-01-28 23:44:37,41.0002,-115.5012,41.02,40,0,4.56
507,Camopi,GF,2022-01-28 23:44:37,3.1655,-52.3158,71.19,99,83,3.04
508,Kurumkan,RU,2022-01-28 23:44:38,54.3,110.3,-16.2,91,35,3.22
509,Lukhovitsy,RU,2022-01-28 23:44:38,54.9728,39.0361,18.54,95,100,8.81
510,Port Shepstone,ZA,2022-01-28 23:44:38,-30.7414,30.455,70.92,73,75,11.92
511,Grand Gaube,MU,2022-01-28 23:44:39,-20.0064,57.6608,77.4,82,5,3.0
512,Camocim,BR,2022-01-28 23:44:39,-2.9022,-40.8411,74.05,84,100,8.21
513,Luba,GQ,2022-01-28 23:44:39,3.4568,8.5547,76.89,74,96,2.89
514,Monrovia,LR,2022-01-28 23:44:39,6.3005,-10.7969,80.46,81,61,5.97
515,Barcelos,PT,2022-01-28 23:44:40,41.5388,-8.6151,48.34,53,0,6.87
516,Vilhena,BR,2022-01-28 23:44:40,-12.7406,-60.1458,71.82,94,75,6.91
517,Presidencia Roque Saenz Pena,AR,2022-01-28 23:44:40,-26.7852,-60.4388,79.32,28,5,6.58
518,Kindu,CD,2022-01-28 23:44:41,-2.95,25.95,71.51,93,100,1.95
519,Ushtobe,KZ,2022-01-28 23:44:41,45.2514,77.9838,13.78,75,38,3.89
520,Elizabeth City,US,2022-01-28 23:44:41,36.2946,-76.2511,42.01,77,100,10.36
521,Suzhou,CN,2022-01-28 23:44:42,31.3114,120.6181,37.27,77,100,6.98
522,Morehead,US,2022-01-28 23:41:04,37.2711,-87.1764,27.99,87,100,1.99
523,Yatou,CN,2022-01-28 23:44:42,37.15,122.3833,29.77,53,67,6.46
524,Yeniseysk,RU,2022-01-28 23:44:42,58.4497,92.1703,-2.76,99,100,3.65
525,Payo,ID,2022-01-28 23:44:43,-3.7508,103.6372,72.52,96,100,1.5
526,San Carlos De Bariloche,AR,2022-01-28 23:44:43,-41.1456,-71.3082,76.75,36,20,23.02
527,Arman,RU,2022-01-28 23:44:43,59.7,150.1667,9.95,77,100,15.1
528,Vila Velha,BR,2022-01-28 23:39:51,-20.3297,-40.2925,80.55,85,40,18.41
529,Outlook,CA,2022-01-28 23:44:44,51.5001,-107.0513,28.09,88,99,5.7
530,Alfredo Chaves,BR,2022-01-28 23:44:44,-20.635,-40.7497,80.22,87,38,5.55
531,Formosa,AR,2022-01-28 23:44:45,-26.1775,-58.1781,82.38,42,0,6.91
532,Yumen,CN,2022-01-28 23:44:45,40.2833,97.2,18.07,44,3,5.08
533,Nouakchott,MR,2022-01-28 23:42:40,18.0858,-15.9785,67.93,66,100,13.85
534,Alamor,EC,2022-01-28 23:44:45,-4.0181,-80.0197,63.64,97,100,2.51
535,Nahavand,IR,2022-01-28 23:44:46,34.1885,48.377,25.61,59,45,2.55
536,Kuusamo,FI,2022-01-28 23:44:46,65.9667,29.1833,14.04,92,100,6.91
537,Ojinaga,MX,2022-01-28 23:44:46,29.5667,-104.4167,58.57,30,0,8.05
538,Port-Cartier,CA,2022-01-28 23:39:47,50.0334,-66.8654,-2.09,91,6,8.59
539,Port Hardy,CA,2022-01-28 23:39:49,50.6996,-127.4199,46.76,76,75,4.61
540,Linxia,CN,2022-01-28 23:44:47,35.6003,103.2064,6.78,89,57,3.56
541,Nordhausen,DE,2022-01-28 23:44:47,51.5167,10.8,39.65,88,100,7.2
542,Angra Dos Reis,BR,2022-01-28 23:44:03,-23.0067,-44.3181,75.16,93,100,3.47
543,Manggar,ID,2022-01-28 23:44:47,-2.8833,108.2667,79.48,79,100,6.15
544,Chegdomyn,RU,2022-01-28 23:44:48,51.1167,133.0167,-24.68,99,78,0.47
545,Altea,ES,2022-01-28 23:44:48,38.5989,-0.0514,53.04,50,5,2.64
546,Te Anau,NZ,2022-01-28 23:44:48,-45.4167,167.7167,69.53,42,56,6.26
547,Banjar,ID,2022-01-28 23:44:49,-8.19,114.9675,82.26,88,100,0.96
548,Rudnaya Pristan,RU,2022-01-28 23:44:49,44.3614,135.8116,9.01,56,20,12.73
549,Orlik,RU,2022-01-28 23:44:49,52.5178,99.825,-26.97,98,88,2.15
550,Broome,US,2022-01-28 23:44:50,42.2506,-75.833,21.16,82,100,1.99
551,Vanino,RU,2022-01-28 23:45:50,49.0869,140.2543,4.15,86,100,5.03
552,Jingdezhen,CN,2022-01-28 23:45:50,29.2947,117.2079,35.56,100,100,2.98
553,Urucara,BR,2022-01-28 23:45:51,-2.5364,-57.76,74.35,96,96,1.14
554,Puerto Escondido,MX,2022-01-28 23:45:51,15.85,-97.0667,83.23,65,40,9.22
555,Maridi,SS,2022-01-28 23:45:51,4.9158,29.4742,70.86,29,78,6.22
556,Rong Kwang,TH,2022-01-28 23:45:52,18.339,100.3174,67.55,51,44,1.01
557,Padre Bernardo,BR,2022-01-28 23:45:53,-15.35,-48.5,67.12,95,77,1.7
558,Shingu,JP,2022-01-28 23:45:53,33.7333,135.9833,45.59,63,92,4.34
559,Kodinsk,RU,2022-01-28 23:45:53,58.6881,99.1844,-10.53,100,100,2.89
560,San Luis,AR,2022-01-28 23:41:34,-33.295,-66.3356,72.16,40,9,5.7
561,Salalah,OM,2022-01-28 23:45:54,17.0151,54.0924,75.29,35,0,10.36
562,Pericos,MX,2022-01-28 23:45:54,25.05,-107.7,82.36,32,50,7.38
563,Roma,US,2022-01-28 23:43:38,43.2128,-75.4557,14.14,76,100,5.75
564,Nantucket,US,2022-01-28 23:45:04,41.2835,-70.0995,34.14,81,100,11.41
565,Saint-Augustin,CA,2022-01-28 23:45:55,51.226,-58.6502,19.38,91,100,6.53
566,Lebedyan,RU,2022-01-28 23:45:55,53.0194,39.1664,25.25,96,100,9.44
567,Selestat,FR,2022-01-28 23:45:55,48.2598,7.4565,37.56,81,100,3.8
568,Lujan,AR,2022-01-28 23:45:56,-34.5703,-59.105,73.31,59,0,8.43
569,Pemba,MZ,2022-01-28 23:40:58,-12.974,40.5178,77.7,88,40,5.75
570,Rovaniemi,FI,2022-01-28 23:45:56,66.5,25.7167,11.61,92,0,3.44
