City_ID,City,Lat,Lng,Max Temp,Humidity,Cloudiness,Wind Speed,Country,Date,Current Description
0,Bluff,-46.6,168.3333,59.32,87,100,7.52,NZ,2022-01-30 01:24:35,overcast clouds
1,Toktogul,41.8708,72.9402,22.6,72,36,2.8,KG,2022-01-30 01:25:26,scattered clouds
2,Jamestown,42.097,-79.2353,4.71,85,0,8.05,US,2022-01-30 01:24:19,clear sky
3,Hokitika,-42.7167,170.9667,67.71,61,79,9.42,NZ,2022-01-30 01:24:40,broken clouds
4,Busselton,-33.65,115.3333,77.09,60,7,13.0,AU,2022-01-30 01:19:43,clear sky
5,Isangel,-19.55,169.2667,78.91,94,100,6.91,VU,2022-01-30 01:24:37,drizzle
6,Atyrau,47.1167,51.8833,23.02,93,75,6.71,KZ,2022-01-30 01:25:27,mist
7,Barra Do Garcas,-15.89,-52.2567,71.82,96,100,4.32,BR,2022-01-30 01:25:27,light rain
8,Lebu,-37.6167,-73.65,58.41,88,0,9.04,CL,2022-01-30 01:22:09,clear sky
9,Lasa,46.6166,10.7002,47.66,81,15,9.01,IT,2022-01-30 01:15:41,few clouds
10,Castro,-24.7911,-50.0119,59.86,99,100,6.51,BR,2022-01-30 01:24:43,overcast clouds
11,Saskylakh,71.9167,114.0833,-19.82,100,100,3.78,RU,2022-01-30 01:21:25,overcast clouds
12,Nkowakowa,-23.8878,30.2871,60.85,89,100,1.19,ZA,2022-01-30 01:25:28,overcast clouds
13,Saint-Philippe,-21.3585,55.7679,76.55,83,75,10.29,RE,2022-01-30 01:25:28,broken clouds
14,Rikitea,-23.1203,-134.9692,76.98,71,100,8.48,PF,2022-01-30 01:24:29,overcast clouds
15,Kendallville,41.4414,-85.265,15.28,69,100,4.61,US,2022-01-30 01:25:29,overcast clouds
16,Bundaberg,-24.85,152.35,87.22,66,75,3.0,AU,2022-01-30 01:25:29,broken clouds
17,Kapaa,22.0752,-159.319,80.11,66,20,3.0,US,2022-01-30 01:24:40,few clouds
18,Husavik,66.0449,-17.3389,33.71,80,100,17.29,IS,2022-01-30 01:25:09,overcast clouds
19,Constitucion,-35.3333,-72.4167,58.39,93,45,8.39,CL,2022-01-30 01:17:14,scattered clouds
20,Alyangula,-13.8483,136.4192,85.87,74,100,14.97,AU,2022-01-30 01:25:30,overcast clouds
21,Ushuaia,-54.8,-68.3,44.26,87,100,0.0,AR,2022-01-30 01:21:32,light rain
22,Kandava,57.0409,22.7747,37.33,96,100,16.15,LV,2022-01-30 01:25:30,overcast clouds
23,Vanimo,-2.6741,141.3028,80.26,80,100,9.48,PG,2022-01-30 01:18:37,overcast clouds
24,Faya,18.3851,42.4509,52.32,83,4,5.32,SA,2022-01-30 01:25:30,clear sky
25,Kaitangata,-46.2817,169.8464,56.28,96,100,5.35,NZ,2022-01-30 01:16:35,overcast clouds
26,Saint-Ambroise,48.5501,-71.3324,-1.66,90,100,4.68,CA,2022-01-30 01:25:13,overcast clouds
27,Singleton,-32.5667,151.1833,83.44,71,73,5.88,AU,2022-01-30 01:25:31,broken clouds
28,Clyde River,70.4692,-68.5914,-7.37,77,100,5.75,CA,2022-01-30 01:25:31,light snow
29,Tawang,27.5833,91.8667,21.76,64,25,6.87,IN,2022-01-30 01:25:32,scattered clouds
30,Passo De Camaragibe,-9.2368,-35.4901,78.35,78,100,2.86,BR,2022-01-30 01:25:32,overcast clouds
31,Dale,38.1689,-86.99,28.35,74,0,4.61,US,2022-01-30 01:25:32,clear sky
32,Provideniya,64.3833,-173.3,4.86,86,24,4.0,RU,2022-01-30 01:24:40,few clouds
33,Loreto,22.2667,-101.9667,59.95,30,4,9.46,MX,2022-01-30 01:25:33,clear sky
34,Sao Joao Da Barra,-21.6403,-41.0511,75.88,92,100,6.42,BR,2022-01-30 01:16:37,overcast clouds
35,Chuy,-33.6971,-53.4616,65.79,78,0,7.58,UY,2022-01-30 01:25:33,clear sky
36,Carnarvon,-24.8667,113.6333,78.87,83,100,14.97,AU,2022-01-30 01:24:53,overcast clouds
37,Hami,42.8,93.45,19.99,42,4,3.87,CN,2022-01-30 01:21:26,clear sky
38,Torbay,47.6666,-52.7314,40.28,96,100,29.93,CA,2022-01-30 01:25:34,heavy intensity rain
39,Aksu,41.1231,80.2644,24.3,50,73,5.14,CN,2022-01-30 01:18:59,broken clouds
40,Atasu,48.6814,71.6433,18.9,95,100,14.2,KZ,2022-01-30 01:25:34,light snow
41,Mahibadhoo,3.7833,72.9667,81.57,69,26,10.71,MV,2022-01-30 01:25:34,scattered clouds
42,Mar Del Plata,-38.0023,-57.5575,73.87,65,0,21.99,AR,2022-01-30 01:22:46,clear sky
43,Zhezkazgan,47.8043,67.7144,17.58,86,100,11.18,KZ,2022-01-30 01:22:12,overcast clouds
44,Saint-Pierre,-21.3393,55.4781,76.64,78,15,9.22,RE,2022-01-30 01:25:35,few clouds
45,Port Hedland,-20.3167,118.5667,89.65,58,87,19.57,AU,2022-01-30 01:18:01,overcast clouds
46,Saint-Joseph,-21.3667,55.6167,75.56,82,40,10.94,RE,2022-01-30 01:17:09,scattered clouds
47,Peniche,39.3558,-9.3811,56.68,47,8,8.66,PT,2022-01-30 01:25:35,clear sky
48,Wanganui,-39.9333,175.05,76.73,60,0,15.99,NZ,2022-01-30 01:25:36,clear sky
49,Mataura,-46.1927,168.8643,56.73,99,100,2.64,NZ,2022-01-30 01:24:25,overcast clouds
50,Iracoubo,5.4802,-53.2011,75.83,87,9,7.87,GF,2022-01-30 01:25:36,clear sky
51,Gat,31.61,34.7642,49.41,100,0,1.81,IL,2022-01-30 01:23:00,clear sky
52,Veraval,20.9,70.3667,65.75,35,0,8.14,IN,2022-01-30 01:25:36,clear sky
53,Avarua,-21.2078,-159.775,82.45,78,20,13.8,CK,2022-01-30 01:24:45,few clouds
54,Albany,42.6001,-73.9662,8.46,60,100,11.99,US,2022-01-30 01:23:44,overcast clouds
55,Faanui,-16.4833,-151.75,80.65,71,99,8.23,PF,2022-01-30 01:25:37,overcast clouds
56,Kahului,20.8947,-156.47,84.22,54,20,9.22,US,2022-01-30 01:25:15,few clouds
57,Donskoye,45.4552,41.9741,33.93,96,94,12.12,RU,2022-01-30 01:25:37,snow
58,Saint-Francois,46.4154,3.9054,39.67,100,100,3.44,FR,2022-01-30 01:18:08,mist
59,Buraydah,26.326,43.975,48.47,39,0,14.38,SA,2022-01-30 01:22:00,clear sky
60,Birao,10.2849,22.7882,62.38,18,80,6.76,CF,2022-01-30 01:25:38,broken clouds
61,Vardo,70.3705,31.1107,22.71,79,96,1.77,NO,2022-01-30 01:13:48,overcast clouds
62,Touros,-5.1989,-35.4608,76.1,82,98,10.71,BR,2022-01-30 01:25:38,overcast clouds
63,Kununurra,-15.7667,128.7333,85.98,74,100,13.8,AU,2022-01-30 01:15:30,overcast clouds
64,Georgetown,5.4112,100.3354,82.33,86,20,4.61,MY,2022-01-30 01:20:09,haze
65,San Lawrenz,36.0553,14.204,50.86,52,4,7.0,MT,2022-01-30 01:25:39,clear sky
66,Cabo San Lucas,22.8909,-109.9124,75.51,47,20,1.99,MX,2022-01-30 01:25:39,few clouds
67,Tuktoyaktuk,69.4541,-133.0374,-5.8,84,75,14.97,CA,2022-01-30 01:24:50,light snow
68,Laguna,38.421,-121.4238,60.66,49,0,1.01,US,2022-01-30 01:25:39,clear sky
69,Nemuro,43.3236,145.575,19.83,58,0,19.15,JP,2022-01-30 01:18:15,clear sky
70,Norman Wells,65.282,-126.8329,-27.36,75,75,3.44,CA,2022-01-30 01:16:12,broken clouds
71,Hilo,19.7297,-155.09,76.8,69,0,7.0,US,2022-01-30 01:21:04,clear sky
72,Paamiut,61.994,-49.6678,14.14,69,100,15.28,GL,2022-01-30 01:25:40,light snow
73,Calvinia,-31.4707,19.776,77.56,25,1,6.06,ZA,2022-01-30 01:25:40,clear sky
74,Valley,45.1277,-116.1262,13.77,66,14,3.56,US,2022-01-30 01:16:34,few clouds
75,Pontes E Lacerda,-15.2261,-59.3353,71.8,98,100,1.79,BR,2022-01-30 01:25:41,light rain
76,Port Alfred,-33.5906,26.891,68.45,87,11,8.03,ZA,2022-01-30 01:24:32,few clouds
77,Montelibano,7.9829,-75.4229,75.33,85,20,8.14,CO,2022-01-30 01:25:41,few clouds
78,Hermanus,-34.4187,19.2345,65.8,83,1,10.89,ZA,2022-01-30 01:24:26,clear sky
79,Iqaluit,63.7506,-68.5145,-13.27,69,100,5.99,CA,2022-01-30 01:24:46,light snow
80,Morelia,19.7008,-101.1844,65.34,76,98,3.2,MX,2022-01-30 01:21:56,overcast clouds
81,Barrow,71.2906,-156.7887,-9.38,70,0,10.36,US,2022-01-30 01:24:31,clear sky
82,Tuatapere,-46.1333,167.6833,61.56,83,100,4.76,NZ,2022-01-30 01:25:42,overcast clouds
83,Gobabis,-22.45,18.9667,68.18,77,18,11.92,NA,2022-01-30 01:25:42,light rain
84,Kailua,21.4022,-157.7394,80.15,63,0,10.36,US,2022-01-30 01:18:39,clear sky
85,Zonguldak,41.25,31.8333,25.88,92,95,4.5,TR,2022-01-30 01:25:43,overcast clouds
86,Port Lincoln,-34.7333,135.8667,70.88,73,9,13.89,AU,2022-01-30 01:22:17,clear sky
87,Chokurdakh,70.6333,147.9167,-12.35,87,98,1.36,RU,2022-01-30 01:15:45,overcast clouds
88,New Norfolk,-42.7826,147.0587,76.66,37,0,1.99,AU,2022-01-30 01:25:10,clear sky
89,Evanston,42.0411,-87.6901,22.33,64,100,1.01,US,2022-01-30 01:22:47,overcast clouds
90,Atuona,-9.8,-139.0333,77.77,79,22,12.01,PF,2022-01-30 01:24:39,light rain
91,Vanavara,60.34,102.2797,-3.32,99,100,3.22,RU,2022-01-30 01:19:00,overcast clouds
92,Marawi,7.9986,124.2928,73.65,79,67,1.1,PH,2022-01-30 01:17:54,broken clouds
93,Vao,-22.6667,167.4833,79.72,87,15,20.22,NC,2022-01-30 01:25:44,few clouds
94,De-Kastri,51.4667,140.7833,-6.29,91,24,8.19,RU,2022-01-30 01:25:44,few clouds
95,Russell,32.3502,-85.1999,37.0,53,0,0.0,US,2022-01-30 01:25:44,clear sky
96,Taltal,-25.4,-70.4833,66.36,77,7,3.87,CL,2022-01-30 01:25:44,clear sky
97,Narsaq,60.9167,-46.05,12.42,94,100,12.17,GL,2022-01-30 01:16:17,light snow
98,Tenabo,20.05,-90.2333,68.0,52,0,7.29,MX,2022-01-30 01:25:45,clear sky
99,Vaini,-21.2,-175.2,81.77,76,100,11.88,TO,2022-01-30 01:24:52,light rain
100,Porto Belo,-27.1578,-48.5531,75.16,79,100,9.1,BR,2022-01-30 01:25:45,overcast clouds
101,Tombouctou,20.0,-3.0,71.08,11,100,13.24,ML,2022-01-30 01:25:46,overcast clouds
102,College,64.8569,-147.8028,-6.14,73,20,0.0,US,2022-01-30 01:25:46,few clouds
103,Victoria,22.2855,114.1577,56.17,80,51,1.99,HK,2022-01-30 01:13:36,broken clouds
104,Opuwo,-18.0607,13.84,66.4,48,100,5.64,NA,2022-01-30 01:21:20,overcast clouds
105,Tilichiki,60.4667,166.1,10.45,79,20,15.12,RU,2022-01-30 01:17:22,few clouds
106,Lixourion,38.2019,20.4314,46.24,65,0,13.09,GR,2022-01-30 01:25:46,clear sky
107,Hithadhoo,-0.6,73.0833,80.76,68,78,2.55,MV,2022-01-30 01:25:11,broken clouds
108,Tezu,27.9167,96.1667,50.05,50,0,3.47,IN,2022-01-30 01:25:47,clear sky
109,Rocha,-34.4833,-54.3333,64.04,84,2,8.61,UY,2022-01-30 01:16:45,clear sky
110,San Quintin,30.4833,-115.95,61.97,50,0,7.65,MX,2022-01-30 01:16:20,clear sky
111,Khatanga,71.9667,102.5,-6.61,97,97,8.03,RU,2022-01-30 01:12:01,overcast clouds
112,Makhinjauri,41.6739,41.694,37.26,65,100,13.8,GE,2022-01-30 01:25:47,overcast clouds
113,Cape Town,-33.9258,18.4232,70.21,69,0,5.01,ZA,2022-01-30 01:22:30,clear sky
114,Dikson,73.5069,80.5464,7.61,94,100,18.97,RU,2022-01-30 01:25:03,light snow
115,Caraballeda,10.6112,-66.8522,82.47,69,20,0.0,VE,2022-01-30 01:25:48,few clouds
116,Dingzhou,38.5131,114.9956,23.11,60,12,1.79,CN,2022-01-30 01:25:48,few clouds
117,Bredasdorp,-34.5322,20.0403,65.28,94,5,3.44,ZA,2022-01-30 01:24:30,clear sky
118,Tiksi,71.6872,128.8694,-9.56,98,51,4.34,RU,2022-01-30 01:13:06,broken clouds
119,Bayanday,53.0661,105.5139,-21.55,100,100,1.83,RU,2022-01-30 01:21:29,overcast clouds
120,Constantine,36.365,6.6147,33.21,80,0,0.0,DZ,2022-01-30 01:25:49,clear sky
121,Airai,-8.9266,125.4092,66.16,80,100,4.38,TL,2022-01-30 01:25:49,overcast clouds
122,Kaliua,-5.0606,31.7936,66.22,89,100,2.77,TZ,2022-01-30 01:18:49,overcast clouds
123,Grand Island,40.925,-98.342,46.02,23,0,11.5,US,2022-01-30 01:25:50,clear sky
124,Hobart,-42.8794,147.3294,77.02,52,20,1.01,AU,2022-01-30 01:23:44,few clouds
125,Khani,41.9563,42.9566,24.37,79,88,6.89,GE,2022-01-30 01:25:50,overcast clouds
126,Saldanha,-33.0117,17.9442,60.85,84,0,12.48,ZA,2022-01-30 01:15:51,clear sky
127,Souillac,-20.5167,57.5167,79.18,78,20,3.44,MU,2022-01-30 01:25:50,few clouds
128,Sitka,57.0531,-135.33,37.29,65,100,10.36,US,2022-01-30 01:16:57,overcast clouds
129,Yellowknife,62.456,-114.3525,-14.28,76,40,4.61,CA,2022-01-30 01:21:16,scattered clouds
130,Mangrol,21.1167,70.1167,63.86,37,0,9.04,IN,2022-01-30 01:25:51,clear sky
131,Melbu,68.5044,14.8297,30.31,64,100,1.59,NO,2022-01-30 01:25:51,overcast clouds
132,Cukai,4.25,103.4167,77.14,77,7,3.38,MY,2022-01-30 01:25:52,clear sky
133,Luanda,-8.8368,13.2343,78.8,83,40,8.05,AO,2022-01-30 01:25:52,scattered clouds
134,Lorengau,-2.0226,147.2712,84.6,71,31,7.54,PG,2022-01-30 01:25:52,scattered clouds
135,East London,-33.0153,27.9116,69.33,85,3,6.15,ZA,2022-01-30 01:23:29,clear sky
136,Talcahuano,-36.7167,-73.1167,62.28,77,100,6.91,CL,2022-01-30 01:25:53,overcast clouds
137,Punta Arenas,-53.15,-70.9167,50.11,57,0,16.11,CL,2022-01-30 01:24:37,clear sky
138,Salalah,17.0151,54.0924,68.09,68,0,2.3,OM,2022-01-30 01:25:53,clear sky
139,Vuktyl,63.8567,57.3094,13.15,94,100,7.14,RU,2022-01-30 01:25:53,overcast clouds
140,Issaquah,47.5301,-122.0326,50.23,63,100,1.01,US,2022-01-30 01:24:30,overcast clouds
141,Marzuq,14.4,46.4667,58.69,77,10,3.4,YE,2022-01-30 01:16:53,clear sky
142,Douentza,14.9951,-2.9517,69.96,15,6,7.07,ML,2022-01-30 01:25:54,clear sky
143,Sao Filipe,14.8961,-24.4956,70.63,73,31,11.48,CV,2022-01-30 01:17:39,scattered clouds
144,Codrington,-38.2667,141.9667,71.76,74,100,8.05,AU,2022-01-30 01:11:15,overcast clouds
145,Chegdomyn,51.1167,133.0167,-19.93,94,29,1.5,RU,2022-01-30 01:25:54,scattered clouds
146,Ponezhukay,44.8876,39.3855,34.84,90,100,9.06,RU,2022-01-30 01:25:55,overcast clouds
147,Coihaique,-45.5752,-72.0662,50.61,93,100,1.14,CL,2022-01-30 01:16:12,light rain
148,Pisco,-13.7,-76.2167,69.85,78,0,14.97,PE,2022-01-30 01:25:55,clear sky
149,Ilulissat,69.2167,-51.1,12.22,73,75,19.57,GL,2022-01-30 01:25:55,light snow
150,Nikolskoye,59.7035,30.7861,26.71,90,100,16.64,RU,2022-01-30 01:22:18,snow
151,Winneba,5.3511,-0.6231,77.94,91,38,2.66,GH,2022-01-30 01:25:56,scattered clouds
152,San Patricio,28.017,-97.5169,55.49,46,17,10.09,US,2022-01-30 01:24:46,few clouds
153,Hamilton,39.1834,-84.5333,22.84,68,75,1.01,US,2022-01-30 01:22:59,broken clouds
154,Yavaros,26.7,-109.5167,66.7,58,99,13.13,MX,2022-01-30 01:21:19,overcast clouds
155,Vestmannaeyjar,63.4427,-20.2734,41.0,65,100,18.72,IS,2022-01-30 01:24:27,overcast clouds
156,Puerto Ayora,-0.7393,-90.3518,73.96,82,34,6.33,EC,2022-01-30 01:24:30,scattered clouds
157,Ukiah,39.1502,-123.2078,61.43,55,0,0.0,US,2022-01-30 01:25:57,clear sky
158,Harper,4.375,-7.7169,78.8,87,10,5.86,LR,2022-01-30 01:17:49,clear sky
159,Ondangwa,-17.9167,15.95,71.6,78,100,6.91,NA,2022-01-30 01:25:57,overcast clouds
160,Machico,32.7,-16.7667,63.68,82,40,8.05,PT,2022-01-30 01:25:57,scattered clouds
161,Coquimbo,-29.9533,-71.3436,64.13,82,0,6.91,CL,2022-01-30 01:25:58,clear sky
162,Coahuayana,18.7333,-103.6833,83.68,75,0,2.84,MX,2022-01-30 01:25:58,clear sky
163,Ambulu,-8.345,113.6058,80.19,84,100,2.35,ID,2022-01-30 01:17:28,overcast clouds
164,Praia Da Vitoria,38.7333,-27.0667,57.45,88,40,12.59,PT,2022-01-30 01:19:08,scattered clouds
165,Nizwa,22.9333,57.5333,64.18,47,0,0.96,OM,2022-01-30 01:16:42,clear sky
166,Yulara,-25.2406,130.9889,78.64,83,100,13.8,AU,2022-01-30 01:25:59,overcast clouds
167,Thompson,55.7435,-97.8558,-12.84,77,20,0.0,CA,2022-01-30 01:25:59,few clouds
168,Progreso,21.2833,-89.6667,67.1,60,100,14.41,MX,2022-01-30 01:26:00,overcast clouds
169,Tasiilaq,65.6145,-37.6368,17.76,75,100,7.56,GL,2022-01-30 01:24:44,light snow
170,Danilovka,50.3557,44.1168,30.04,97,100,14.23,RU,2022-01-30 01:26:00,light snow
171,Deep River,46.1001,-77.4995,-4.05,91,5,4.27,CA,2022-01-30 01:26:00,clear sky
172,Waipawa,-41.4122,175.5153,71.29,44,8,11.77,NZ,2022-01-30 01:26:01,clear sky
173,Los Llanos De Aridane,28.6585,-17.9182,58.75,75,100,10.0,ES,2022-01-30 01:18:55,haze
174,Nishihara,26.1842,127.7558,64.06,94,100,8.05,JP,2022-01-30 01:19:02,overcast clouds
175,Santa Isabel Do Rio Negro,-0.4139,-65.0192,75.09,93,100,2.53,BR,2022-01-30 01:26:01,moderate rain
176,Svetlogorsk,52.6333,29.7333,26.47,95,100,18.34,BY,2022-01-30 01:26:01,snow
177,Bambous Virieux,-20.3428,57.7575,79.05,78,20,3.44,MU,2022-01-30 01:26:02,few clouds
178,Samarai,-10.6167,150.6667,81.59,73,100,5.66,PG,2022-01-30 01:23:12,overcast clouds
179,Cedar City,37.6775,-113.0619,38.39,31,0,3.44,US,2022-01-30 01:14:04,clear sky
180,Filadelfia,39.9523,-75.1638,19.54,49,0,7.0,US,2022-01-30 01:14:58,clear sky
181,Penzance,50.1186,-5.5371,46.76,81,6,6.89,GB,2022-01-30 01:26:02,clear sky
182,Port Elizabeth,-33.918,25.5701,66.49,88,0,6.91,ZA,2022-01-30 01:24:42,clear sky
183,Komsomolskiy,40.4272,71.7189,34.52,93,75,6.91,UZ,2022-01-30 01:26:03,fog
184,Ribeira Grande,38.5167,-28.7,58.68,75,98,4.65,PT,2022-01-30 01:25:11,overcast clouds
185,Port Shepstone,-30.7414,30.455,72.01,85,99,10.49,ZA,2022-01-30 01:26:03,overcast clouds
186,Namatanai,-3.6667,152.4333,83.44,73,100,5.17,PG,2022-01-30 01:26:03,light rain
187,Bon Accord,53.8335,-113.4187,35.37,78,100,5.84,CA,2022-01-30 01:26:04,overcast clouds
188,Lompoc,34.6391,-120.4579,65.12,59,0,5.75,US,2022-01-30 01:13:48,clear sky
189,Outjo,-20.1167,16.15,66.47,71,100,6.93,NA,2022-01-30 01:26:04,light rain
190,Port Macquarie,-31.4333,152.9167,81.9,62,22,7.18,AU,2022-01-30 01:23:19,few clouds
191,Turgutlu,38.4953,27.6997,41.27,71,52,2.77,TR,2022-01-30 01:26:05,broken clouds
192,Flinders,-34.5833,150.8552,86.81,69,97,8.46,AU,2022-01-30 01:26:05,overcast clouds
193,Hobyo,5.3505,48.5268,75.09,74,77,18.03,SO,2022-01-30 01:26:05,broken clouds
194,Requena,39.4883,-1.1004,40.78,30,0,3.47,ES,2022-01-30 01:26:05,clear sky
195,Geraldton,-28.7667,114.6,84.61,54,0,12.66,AU,2022-01-30 01:17:38,clear sky
196,Zhangjiakou,40.81,114.8794,19.11,50,39,2.53,CN,2022-01-30 01:26:06,light snow
197,Vila Franca Do Campo,37.7167,-25.4333,57.2,72,82,9.93,PT,2022-01-30 01:26:06,broken clouds
198,Zyryanka,65.75,150.85,-22.88,100,99,0.65,RU,2022-01-30 01:26:07,overcast clouds
199,Mahebourg,-20.4081,57.7,79.09,78,20,3.44,MU,2022-01-30 01:26:07,few clouds
200,Lewiston,44.1003,-70.2148,12.7,91,100,25.32,US,2022-01-30 01:26:06,heavy snow
201,Cardston,49.2,-113.3019,42.1,33,100,18.41,CA,2022-01-30 01:26:07,overcast clouds
202,Klaksvik,62.2266,-6.589,32.92,63,100,13.67,FO,2022-01-30 01:16:43,overcast clouds
203,Jos,9.9167,8.9,55.38,23,100,8.75,NG,2022-01-30 01:26:08,overcast clouds
204,Singaraja,-8.112,115.0882,81.97,79,100,3.53,ID,2022-01-30 01:18:03,overcast clouds
205,Macau,22.2006,113.5461,55.2,76,40,20.71,MO,2022-01-30 01:26:05,scattered clouds
206,Longyearbyen,78.2186,15.6401,6.64,66,0,14.97,SJ,2022-01-30 01:26:08,clear sky
207,Planaltina,-15.4528,-47.6142,71.89,94,100,2.89,BR,2022-01-30 01:26:09,overcast clouds
208,Tecoanapa,16.5167,-98.75,79.95,74,0,7.11,MX,2022-01-30 01:26:09,clear sky
209,Ponta Do Sol,32.6667,-17.1,63.23,48,15,6.02,PT,2022-01-30 01:24:26,few clouds
210,Nouadhibou,20.931,-17.0347,62.58,82,100,16.11,MR,2022-01-30 01:16:48,overcast clouds
211,Hambantota,6.1241,81.1185,73.74,100,20,1.14,LK,2022-01-30 01:26:10,few clouds
212,Butaritari,3.0707,172.7902,82.56,72,78,18.01,KI,2022-01-30 01:25:07,broken clouds
213,Burnie,-41.0667,145.9167,70.95,68,21,6.11,AU,2022-01-30 01:18:41,few clouds
214,Bilma,18.6853,12.9164,56.32,21,0,12.57,NE,2022-01-30 01:14:58,clear sky
215,Surab,28.4914,66.2585,43.66,49,6,1.7,PK,2022-01-30 01:26:10,clear sky
216,Atar,20.5169,-13.0499,72.32,24,97,6.69,MR,2022-01-30 01:17:14,overcast clouds
217,Kodiak,57.79,-152.4072,35.11,55,0,12.66,US,2022-01-30 01:26:11,clear sky
218,Marovoay,-16.1,46.6333,77.14,87,2,1.7,MG,2022-01-30 01:26:11,clear sky
219,Leningradskiy,69.3833,178.4167,-10.43,91,51,4.76,RU,2022-01-30 01:26:11,broken clouds
220,Bilibino,68.0546,166.4372,-0.98,88,100,2.57,RU,2022-01-30 01:17:45,overcast clouds
221,Ambon,-3.6954,128.1814,87.94,62,40,10.36,ID,2022-01-30 01:24:36,scattered clouds
222,Sulangan,11.1373,123.7228,81.01,76,42,4.47,PH,2022-01-30 01:26:12,scattered clouds
223,Salto,-31.3833,-57.9667,73.87,59,0,4.0,UY,2022-01-30 01:26:12,clear sky
224,Presidencia Roque Saenz Pena,-26.7852,-60.4388,76.03,36,0,6.29,AR,2022-01-30 01:26:13,clear sky
225,Antalaha,-14.9003,50.2788,71.71,89,100,5.28,MG,2022-01-30 01:26:13,overcast clouds
226,Jablah,35.3614,35.9256,48.49,61,20,4.61,SY,2022-01-30 01:26:13,few clouds
227,Makakilo City,21.3469,-158.0858,78.69,57,40,9.22,US,2022-01-30 01:17:39,scattered clouds
228,Kondinskoye,59.6481,67.41,5.07,96,100,5.35,RU,2022-01-30 01:26:14,overcast clouds
229,Gyanpur,25.35,82.4667,51.75,68,0,8.37,IN,2022-01-30 01:26:14,clear sky
230,Harindanga,22.0383,88.3214,53.58,50,0,4.99,IN,2022-01-30 01:26:14,clear sky
231,Areka,7.0667,37.7,58.24,53,34,5.5,ET,2022-01-30 01:26:15,scattered clouds
232,Bermejo,-32.8833,-68.8,80.51,61,40,2.3,AR,2022-01-30 01:26:15,scattered clouds
233,Peleduy,59.6289,112.7406,-10.64,100,97,2.59,RU,2022-01-30 01:26:15,overcast clouds
234,Biaora,23.8667,76.9167,53.69,38,0,2.3,IN,2022-01-30 01:26:16,clear sky
235,Kita,13.0349,-9.4895,74.59,18,9,4.81,ML,2022-01-30 01:26:16,clear sky
236,Alice Springs,-23.7,133.8833,76.55,88,100,17.27,AU,2022-01-30 01:18:20,overcast clouds
237,Stornoway,58.2093,-6.3865,37.92,90,75,1.99,GB,2022-01-30 01:26:17,broken clouds
238,Karratha,-20.7377,116.8463,85.82,51,96,14.61,AU,2022-01-30 01:16:24,overcast clouds
239,Te Anau,-45.4167,167.7167,57.42,93,100,0.72,NZ,2022-01-30 01:14:51,light rain
240,Shenjiamen,29.9576,122.298,40.84,92,100,19.19,CN,2022-01-30 01:26:17,light rain
241,Katsuura,35.1333,140.3,49.19,57,92,16.69,JP,2022-01-30 01:26:18,overcast clouds
242,Nhulunbuy,-12.2333,136.7667,83.01,83,100,11.5,AU,2022-01-30 01:26:18,moderate rain
243,Payo,-3.7508,103.6372,75.87,93,99,0.22,ID,2022-01-30 01:18:51,light rain
244,Lake Wales,27.9014,-81.5859,42.94,54,0,4.61,US,2022-01-30 01:24:49,clear sky
245,Balkanabat,39.5108,54.3671,40.01,62,2,3.36,TM,2022-01-30 01:18:47,clear sky
246,Revda,56.801,59.9303,-13.99,98,100,1.52,RU,2022-01-30 01:26:19,overcast clouds
247,Upernavik,72.7868,-56.1549,-0.85,96,100,7.56,GL,2022-01-30 01:24:41,overcast clouds
248,Si Bun Ruang,16.9667,102.2833,77.59,43,7,1.99,TH,2022-01-30 01:26:19,clear sky
249,Mount Gambier,-37.8333,140.7667,69.71,73,100,8.05,AU,2022-01-30 01:24:41,overcast clouds
250,Bethel,41.3712,-73.414,18.3,56,100,3.0,US,2022-01-30 01:26:19,overcast clouds
251,Kangaatsiaq,68.3065,-53.4641,5.38,77,100,22.66,GL,2022-01-30 01:26:20,overcast clouds
252,Ostrovnoy,68.0531,39.5131,16.61,89,100,12.37,RU,2022-01-30 01:26:20,overcast clouds
253,Qeshm,26.9581,56.2719,58.89,64,0,7.09,IR,2022-01-30 01:26:20,clear sky
254,Yumen,40.2833,97.2,11.37,66,0,7.63,CN,2022-01-30 01:24:31,clear sky
255,Helong,42.5397,128.9972,16.07,56,1,8.34,CN,2022-01-30 01:26:21,clear sky
256,Havoysund,70.9963,24.6622,25.68,80,100,22.86,NO,2022-01-30 01:22:13,light snow
257,Esperance,-33.8667,121.9,82.24,49,2,9.01,AU,2022-01-30 01:26:21,clear sky
258,Caraquet,47.7941,-64.9386,15.35,92,100,29.35,CA,2022-01-30 01:26:22,snow
259,Poltavka,54.3663,71.7632,-4.74,94,100,7.14,RU,2022-01-30 01:26:22,overcast clouds
260,Siva,29.2041,25.5195,50.58,53,0,9.78,EG,2022-01-30 01:26:23,clear sky
261,Noyabrsk,63.1994,75.4507,0.41,95,100,8.97,RU,2022-01-30 01:17:36,overcast clouds
262,Petropavlovsk-Kamchatskiy,53.0452,158.6483,25.39,80,75,4.47,RU,2022-01-30 01:26:23,snow
263,Koboko,3.4136,30.9599,65.79,39,5,4.36,UG,2022-01-30 01:26:23,clear sky
264,Emerald,-23.5333,148.1667,88.34,41,0,7.96,AU,2022-01-30 01:18:18,clear sky
265,Ouegoa,-20.35,164.4333,86.63,66,86,11.56,NC,2022-01-30 01:26:24,overcast clouds
266,Adrar,20.5022,-10.0711,73.89,12,100,9.37,MR,2022-01-30 01:17:35,overcast clouds
267,Egvekinot,66.3167,-179.1667,-4.86,70,10,1.28,RU,2022-01-30 01:26:24,clear sky
268,Qaanaaq,77.484,-69.3632,3.94,90,100,11.12,GL,2022-01-30 01:26:24,overcast clouds
269,Mount Isa,-20.7333,139.5,82.17,78,75,13.8,AU,2022-01-30 01:18:52,broken clouds
270,Fenelon Falls,44.5334,-78.7496,2.43,96,8,6.31,CA,2022-01-30 01:26:25,clear sky
271,Aitape,-3.1374,142.3475,79.81,83,100,8.7,PG,2022-01-30 01:26:25,overcast clouds
272,Asau,46.4333,26.4,34.39,66,100,10.49,RO,2022-01-30 01:17:04,overcast clouds
273,Douglas,41.3,-96.167,45.46,40,0,3.44,US,2022-01-30 01:26:25,clear sky
274,Saint-Michel-Des-Saints,46.6834,-73.9159,-1.41,81,100,9.73,CA,2022-01-30 01:22:50,overcast clouds
275,Rio Grande,-32.035,-52.0986,70.95,65,25,13.0,BR,2022-01-30 01:17:15,scattered clouds
276,Saint George,37.1041,-113.5841,55.87,18,0,1.01,US,2022-01-30 01:24:29,clear sky
277,Andenes,69.3143,16.1194,28.38,54,100,19.57,NO,2022-01-30 01:16:30,overcast clouds
278,Valparaiso,-33.0393,-71.6273,67.48,73,0,5.75,CL,2022-01-30 01:26:26,clear sky
279,Tabuk,17.4189,121.4443,77.02,86,48,4.32,PH,2022-01-30 01:26:27,scattered clouds
280,Samara,53.0,50.0,14.14,96,100,6.42,RU,2022-01-30 01:23:07,snow
281,Khingansk,49.1167,131.1833,-12.05,90,13,4.21,RU,2022-01-30 01:26:27,few clouds
282,Baykit,61.67,96.37,-11.43,100,100,1.66,RU,2022-01-30 01:17:29,overcast clouds
283,Luderitz,-26.6481,15.1594,68.07,76,32,5.1,NA,2022-01-30 01:26:28,scattered clouds
284,Grand-Lahou,5.1367,-5.0242,78.6,91,10,3.6,CI,2022-01-30 01:26:28,clear sky
285,Kojnare,43.35,24.1333,24.91,80,37,5.46,BG,2022-01-30 01:26:28,scattered clouds
286,Manyana,-23.4,21.7167,69.55,78,61,13.73,BW,2022-01-30 01:26:28,broken clouds
287,Farafangana,-22.8167,47.8333,74.75,80,12,5.95,MG,2022-01-30 01:26:29,few clouds
288,Kalmunai,7.4167,81.8167,75.79,87,23,1.95,LK,2022-01-30 01:18:20,few clouds
289,Yuancheng,36.652,107.7896,21.2,77,90,9.73,CN,2022-01-30 01:26:29,overcast clouds
290,Nara,34.6851,135.8049,45.97,47,97,4.45,JP,2022-01-30 01:23:26,overcast clouds
291,Roseburg,43.2165,-123.3417,54.34,59,0,3.44,US,2022-01-30 01:26:30,clear sky
292,Hasaki,35.7333,140.8333,43.29,53,42,18.05,JP,2022-01-30 01:26:30,scattered clouds
293,Zhigansk,66.7697,123.3711,-33.25,100,96,3.53,RU,2022-01-30 01:15:00,overcast clouds
294,Ferrol,43.4832,-8.2369,50.27,78,99,6.15,ES,2022-01-30 01:22:42,overcast clouds
295,Bengkulu,-3.8004,102.2655,77.97,87,100,3.8,ID,2022-01-30 01:24:54,overcast clouds
296,Kruisfontein,-34.0033,24.7314,58.89,91,3,4.36,ZA,2022-01-30 01:26:31,clear sky
297,Arraial Do Cabo,-22.9661,-42.0278,74.71,94,100,11.63,BR,2022-01-30 01:26:31,overcast clouds
298,Bubaque,11.2833,-15.8333,78.62,66,55,14.34,GW,2022-01-30 01:26:31,broken clouds
299,Tiznit,29.5833,-9.5,57.63,30,0,25.61,MA,2022-01-30 01:26:32,clear sky
300,Derzhavinsk,51.1,66.3167,13.1,94,100,14.92,KZ,2022-01-30 01:26:32,overcast clouds
301,Dalby,-27.1833,151.2667,84.9,45,96,9.82,AU,2022-01-30 01:26:32,overcast clouds
302,Matale,7.4721,80.6234,69.76,97,37,1.36,LK,2022-01-30 01:26:32,scattered clouds
303,Nambucca Heads,-30.65,153.0,83.17,65,30,7.81,AU,2022-01-30 01:26:33,scattered clouds
304,Oriximina,-1.7656,-55.8661,73.08,97,96,3.2,BR,2022-01-30 01:23:35,overcast clouds
305,Miles City,46.4083,-105.8406,35.51,60,0,3.44,US,2022-01-30 01:26:33,clear sky
306,Yunyang,33.4474,112.7142,32.7,82,9,3.13,CN,2022-01-30 01:26:34,clear sky
307,Parabel,58.6978,81.4825,-0.58,98,100,5.48,RU,2022-01-30 01:17:52,overcast clouds
308,Takaka,-40.85,172.8,74.68,48,0,6.87,NZ,2022-01-30 01:26:34,clear sky
309,Talnakh,69.4865,88.3972,-2.79,96,100,9.04,RU,2022-01-30 01:26:34,overcast clouds
310,Hirara,24.8,125.2833,66.06,94,75,18.41,JP,2022-01-30 01:26:35,mist
311,Slave Lake,55.2834,-114.769,33.78,75,100,2.3,CA,2022-01-30 01:26:35,overcast clouds
312,Rock Springs,41.5875,-109.2029,31.44,31,0,14.97,US,2022-01-30 01:26:01,clear sky
313,Guiratinga,-16.3494,-53.7583,71.13,96,100,6.15,BR,2022-01-30 01:26:35,overcast clouds
314,Ayan,56.45,138.1667,1.83,74,100,20.78,RU,2022-01-30 01:17:33,overcast clouds
315,Salta,-24.7859,-65.4117,71.89,77,40,1.99,AR,2022-01-30 01:26:36,scattered clouds
316,Muros,42.7762,-9.0603,51.24,80,11,4.74,ES,2022-01-30 01:24:36,few clouds
317,Alofi,-19.0595,-169.9187,85.89,74,100,12.66,NU,2022-01-30 01:16:37,overcast clouds
318,Kumagaya,36.1333,139.3833,46.67,36,83,6.71,JP,2022-01-30 01:26:36,broken clouds
319,Providencia,28.7167,-111.5833,78.85,32,4,11.52,MX,2022-01-30 01:26:37,clear sky
320,Rincon,32.296,-81.2354,39.85,38,0,6.91,US,2022-01-30 01:26:31,clear sky
321,Broome,42.2506,-75.833,10.02,77,75,5.99,US,2022-01-30 01:17:39,broken clouds
322,Half Moon Bay,37.4636,-122.4286,62.87,63,0,8.05,US,2022-01-30 01:26:37,clear sky
323,Inuvik,68.3499,-133.7218,-17.54,76,75,3.44,CA,2022-01-30 01:26:37,broken clouds
324,Banda Aceh,5.5577,95.3222,80.15,75,71,5.53,ID,2022-01-30 01:26:38,broken clouds
325,Jalu,29.0331,21.5482,53.56,48,100,15.26,LY,2022-01-30 01:26:38,overcast clouds
326,Meulaboh,4.1363,96.1285,76.55,90,39,5.12,ID,2022-01-30 01:26:38,scattered clouds
327,Deloraine,-41.5333,146.6667,75.15,40,2,3.58,AU,2022-01-30 01:26:39,clear sky
328,Rio Verde De Mato Grosso,-18.9181,-54.8442,72.39,97,100,4.03,BR,2022-01-30 01:26:39,light rain
329,Avera,33.194,-82.5271,35.71,33,0,9.71,US,2022-01-30 01:16:11,clear sky
330,Grand Gaube,-20.0064,57.6608,79.2,79,100,1.99,MU,2022-01-30 01:25:13,overcast clouds
331,Kuusamo,65.9667,29.1833,17.64,93,100,5.75,FI,2022-01-30 01:26:40,overcast clouds
332,Prudnik,50.3212,17.5746,42.6,71,62,23.85,PL,2022-01-30 01:26:40,broken clouds
333,Oranjestad,12.524,-70.027,78.3,77,21,13.02,AW,2022-01-30 01:17:11,few clouds
334,Bucak,37.4592,30.595,35.64,88,100,2.59,TR,2022-01-30 01:26:40,overcast clouds
335,Koulikoro,14.0,-7.75,70.14,17,0,8.99,ML,2022-01-30 01:26:41,clear sky
336,Chabahar,25.2919,60.643,71.29,76,0,9.6,IR,2022-01-30 01:26:41,clear sky
337,Atambua,-9.1061,124.8925,76.19,88,100,5.88,ID,2022-01-30 01:26:41,moderate rain
338,Padang,-0.9492,100.3543,75.25,93,100,5.55,ID,2022-01-30 01:25:59,overcast clouds
339,Purwodadi,-7.0868,110.9158,83.91,81,100,3.62,ID,2022-01-30 01:26:42,overcast clouds
340,Baghdad,33.3406,44.4009,39.11,81,7,4.61,IQ,2022-01-30 01:26:11,clear sky
341,Bonavista,48.6499,-53.1147,38.12,95,100,43.11,CA,2022-01-30 01:26:42,snow
342,Mulki,13.1,74.8,74.48,78,3,0.0,IN,2022-01-30 01:26:42,clear sky
343,Mocuba,-16.8392,36.9856,70.39,98,15,2.86,MZ,2022-01-30 01:26:43,few clouds
344,Kuching,1.55,110.3333,79.02,94,20,3.44,MY,2022-01-30 01:26:43,few clouds
345,Severo-Kurilsk,50.6789,156.125,24.85,84,100,16.73,RU,2022-01-30 01:26:43,light snow
346,Tromso,69.6496,18.957,15.82,67,0,2.3,NO,2022-01-30 01:17:02,clear sky
347,Hualmay,-11.0964,-77.6139,70.27,83,35,9.46,PE,2022-01-30 01:17:56,scattered clouds
348,Kirakira,-10.4544,161.9205,84.85,74,81,10.13,SB,2022-01-30 01:26:44,light rain
349,Owando,-0.4819,15.8999,72.48,48,100,0.69,CG,2022-01-30 01:26:44,overcast clouds
350,Qujing,25.4833,103.7833,38.07,77,0,4.21,CN,2022-01-30 01:26:44,clear sky
351,Ahipara,-35.1667,173.1667,76.53,48,100,5.08,NZ,2022-01-30 01:23:08,overcast clouds
352,Camacha,33.0833,-16.3333,60.22,82,40,8.05,PT,2022-01-30 01:26:45,scattered clouds
353,Awjilah,29.1081,21.2869,53.6,50,100,15.9,LY,2022-01-30 01:26:45,overcast clouds
354,Aloleng,16.1307,119.7824,79.99,82,37,12.71,PH,2022-01-30 01:26:45,light rain
355,Bandarbeyla,9.4942,50.8122,75.33,73,100,19.39,SO,2022-01-30 01:18:55,light rain
356,Denpasar,-8.65,115.2167,82.06,83,75,3.44,ID,2022-01-30 01:24:29,broken clouds
357,Coihueco,-36.6167,-71.8333,59.74,82,0,9.22,CL,2022-01-30 01:26:46,clear sky
358,Rio Gallegos,-51.6226,-69.2181,48.25,93,75,9.22,AR,2022-01-30 01:26:46,light rain
359,Asfi,32.2994,-9.2372,60.39,71,0,2.55,MA,2022-01-30 01:26:47,clear sky
360,Venado Tuerto,-33.7456,-61.9688,69.76,42,0,8.32,AR,2022-01-30 01:26:47,clear sky
361,Ust-Uda,54.1742,103.0304,-24.47,100,100,0.43,RU,2022-01-30 01:26:47,overcast clouds
362,Shu,43.5983,73.7614,31.03,89,100,4.09,KZ,2022-01-30 01:18:48,overcast clouds
363,Kaeo,-35.1,173.7833,75.33,65,100,12.64,NZ,2022-01-30 01:26:48,overcast clouds
364,Pevek,69.7008,170.3133,-17.3,99,100,3.71,RU,2022-01-30 01:24:50,overcast clouds
365,Lerwick,60.1545,-1.1494,39.2,62,28,29.35,GB,2022-01-30 01:26:48,scattered clouds
366,Zdolbuniv,50.5206,26.2425,32.92,97,100,23.98,UA,2022-01-30 01:26:48,snow
367,Kabo,7.6994,18.629,69.49,23,98,4.7,CF,2022-01-30 01:26:49,overcast clouds
368,Ankara,39.9199,32.8543,16.99,82,0,5.75,TR,2022-01-30 01:26:02,clear sky
369,Jinotega,13.0917,-86.0018,65.59,61,20,6.78,NI,2022-01-30 01:25:02,few clouds
370,Aklavik,68.2191,-135.0107,-17.57,92,100,4.32,CA,2022-01-30 01:26:49,overcast clouds
371,Mazatlan,23.2167,-106.4167,71.56,88,0,1.99,MX,2022-01-30 01:25:13,clear sky
372,Arman,59.7,150.1667,13.14,79,100,13.27,RU,2022-01-30 01:26:50,overcast clouds
373,Malanje,-9.5402,16.341,63.77,98,100,4.07,AO,2022-01-30 01:26:50,light rain
374,Excelsior Springs,39.3392,-94.2261,45.61,48,8,6.51,US,2022-01-30 01:26:50,clear sky
375,Puro,12.4841,123.3827,82.08,73,9,4.07,PH,2022-01-30 01:26:51,clear sky
376,Okhtyrka,50.3104,34.8988,19.72,98,100,8.79,UA,2022-01-30 01:26:51,overcast clouds
377,Abonnema,4.7084,6.7931,75.85,57,78,3.58,NG,2022-01-30 01:26:51,broken clouds
378,Zlitan,32.4674,14.5687,55.08,55,9,23.15,LY,2022-01-30 01:26:52,clear sky
379,Bethanien,-26.502,17.1583,77.31,45,100,10.56,NA,2022-01-30 01:26:52,light rain
380,Never,46.9896,3.159,42.55,99,100,3.85,FR,2022-01-30 01:26:52,overcast clouds
381,Lagoa,39.05,-27.9833,58.14,73,8,15.23,PT,2022-01-30 01:26:52,clear sky
382,Ixtapa,20.7,-105.2,75.22,78,0,6.91,MX,2022-01-30 01:18:24,clear sky
383,San Clemente,33.427,-117.612,66.42,48,99,1.99,US,2022-01-30 01:24:31,overcast clouds
384,Blairmore,49.6,-114.4353,35.47,40,100,20.71,CA,2022-01-30 01:26:53,overcast clouds
385,Zalantun,48.0,122.7167,0.73,79,2,6.64,CN,2022-01-30 01:26:53,clear sky
386,Lodwar,3.1191,35.5973,80.87,44,17,5.99,KE,2022-01-30 01:26:54,few clouds
387,Durango,24.8333,-104.8333,56.23,38,1,2.21,MX,2022-01-30 01:23:00,clear sky
388,Bulawayo,-20.15,28.5833,63.18,90,100,14.05,ZW,2022-01-30 01:26:54,overcast clouds
389,Mehamn,71.0357,27.8492,17.04,82,78,3.29,NO,2022-01-30 01:17:17,broken clouds
390,Draguseni,45.9667,27.75,26.96,59,93,8.16,RO,2022-01-30 01:26:54,overcast clouds
391,Cozumel,20.5083,-86.9458,69.94,66,40,11.01,MX,2022-01-30 01:17:01,scattered clouds
392,Steamboat Springs,40.485,-106.8317,35.1,40,0,0.0,US,2022-01-30 01:22:27,clear sky
393,Eureka,40.8021,-124.1637,54.36,80,2,1.36,US,2022-01-30 01:24:18,clear sky
394,High Rock,26.6208,-78.2833,53.62,58,12,22.06,BS,2022-01-30 01:17:47,few clouds
395,Raha,26.2333,92.5167,52.74,74,3,2.95,IN,2022-01-30 01:26:55,clear sky
396,Beira,-19.8436,34.8389,77.09,88,20,4.61,MZ,2022-01-30 01:26:55,few clouds
397,Bairiki,1.3292,172.9752,81.82,78,30,16.04,KI,2022-01-30 01:26:56,light rain
398,Balykshi,47.0667,51.8667,23.0,93,75,6.71,KZ,2022-01-30 01:26:56,mist
399,Kavieng,-2.5744,150.7967,83.37,73,100,5.91,PG,2022-01-30 01:26:56,light rain
400,Kodinsk,58.6881,99.1844,-1.34,99,100,2.68,RU,2022-01-30 01:26:56,overcast clouds
401,Soe,-9.8607,124.284,75.11,72,100,11.07,ID,2022-01-30 01:26:57,overcast clouds
402,Cherskiy,68.75,161.3,-25.6,99,100,1.95,RU,2022-01-30 01:22:07,overcast clouds
403,Pangnirtung,66.1451,-65.7125,-19.44,99,100,3.0,CA,2022-01-30 01:26:57,overcast clouds
404,Berdigestyakh,62.0989,126.6992,-21.82,100,100,2.42,RU,2022-01-30 01:26:57,overcast clouds
405,San Vicente,-26.6167,-54.1333,62.58,90,33,3.67,AR,2022-01-30 01:26:58,scattered clouds
406,Haverfordwest,51.8017,-4.9691,42.55,77,92,6.46,GB,2022-01-30 01:26:58,overcast clouds
407,Antofagasta,-23.65,-70.4,65.48,85,43,4.65,CL,2022-01-30 01:26:58,scattered clouds
408,Los Cedrales,-25.65,-54.7,79.32,82,69,3.6,PY,2022-01-30 01:26:59,broken clouds
409,Gazojak,41.1875,61.4036,30.31,68,7,8.72,TM,2022-01-30 01:26:59,clear sky
410,Przhevalskoye,55.5093,31.8482,22.71,90,100,14.72,RU,2022-01-30 01:26:59,snow
411,Barrhead,55.7992,-4.3929,40.64,85,77,8.01,GB,2022-01-30 01:27:00,broken clouds
412,Raymond,43.9015,-70.4703,13.82,86,100,19.6,US,2022-01-30 01:27:00,snow
413,Gazanjyk,39.2446,55.5154,36.55,79,0,7.11,TM,2022-01-30 01:27:00,clear sky
414,Chengde,40.9725,117.9361,18.45,47,0,2.06,CN,2022-01-30 01:27:01,clear sky
415,Havelock,34.8791,-76.9013,31.95,61,0,5.01,US,2022-01-30 01:27:01,clear sky
416,Sao Jose Da Coroa Grande,-8.8978,-35.1478,76.15,81,98,4.18,BR,2022-01-30 01:27:01,overcast clouds
417,Chuncheng,22.1731,111.7886,52.27,71,5,8.97,CN,2022-01-30 01:27:01,clear sky
418,Dingle,10.9995,122.6711,81.54,77,3,2.91,PH,2022-01-30 01:27:02,clear sky
419,Homer,59.6425,-151.5483,24.69,85,75,13.8,US,2022-01-30 01:27:02,broken clouds
420,Mikhaylovka,50.06,43.2379,34.79,97,100,15.14,RU,2022-01-30 01:27:02,light snow
421,Dunedin,-45.8742,170.5036,58.03,92,100,4.65,NZ,2022-01-30 01:24:14,overcast clouds
422,Kosovo Polje,42.6394,21.0961,19.36,93,0,3.44,XK,2022-01-30 01:27:03,clear sky
423,Sovetskiy,61.3614,63.5842,3.15,97,100,3.76,RU,2022-01-30 01:27:03,overcast clouds
424,Lindas,60.7381,5.16,38.77,76,74,40.0,NO,2022-01-30 01:27:03,light rain
425,Ruteng,-8.6136,120.4721,69.12,79,100,3.15,ID,2022-01-30 01:25:11,overcast clouds
426,Grindavik,63.8424,-22.4338,36.07,87,75,8.05,IS,2022-01-30 01:19:06,broken clouds
427,Mangan,27.5167,88.5333,47.21,46,5,4.81,IN,2022-01-30 01:27:04,clear sky
428,Acarau,-2.8856,-40.12,78.69,76,100,10.22,BR,2022-01-30 01:17:45,overcast clouds
429,Rush,53.5223,-6.0931,38.88,90,40,5.75,IE,2022-01-30 01:27:04,scattered clouds
430,Upata,8.0086,-62.3989,72.0,77,100,6.44,VE,2022-01-30 01:27:05,overcast clouds
431,Arona,28.0996,-16.681,59.79,63,20,1.99,ES,2022-01-30 01:27:05,haze
432,Marsa Matruh,31.3525,27.2453,52.83,57,99,20.15,EG,2022-01-30 01:27:05,overcast clouds
433,Alice Town,25.7167,-79.3,60.44,49,9,21.07,BS,2022-01-30 01:27:06,clear sky
434,Andros Town,24.7,-77.7667,58.96,59,64,17.36,BS,2022-01-30 01:27:06,broken clouds
435,Byron Bay,-28.65,153.6167,85.05,82,94,10.07,AU,2022-01-30 01:27:06,overcast clouds
436,Fez,34.0372,-4.9998,51.91,65,0,4.61,MA,2022-01-30 01:27:07,clear sky
437,Caramay,10.1815,119.236,81.45,71,6,0.38,PH,2022-01-30 01:27:07,clear sky
438,San Juan,-31.5375,-68.5364,84.69,39,0,9.82,AR,2022-01-30 01:27:07,clear sky
439,Coracao De Jesus,-16.6853,-44.365,74.12,91,100,5.01,BR,2022-01-30 01:27:08,overcast clouds
440,Tiquisio,8.5597,-74.2669,75.31,86,74,3.29,CO,2022-01-30 01:27:08,broken clouds
441,Bakchar,57.0186,82.0711,-8.99,100,65,3.58,RU,2022-01-30 01:27:08,broken clouds
442,Tripoli,32.8752,13.1875,55.87,56,90,20.0,LY,2022-01-30 01:27:08,overcast clouds
443,Pervomaysk,48.0443,30.8507,26.01,88,100,10.56,UA,2022-01-30 01:27:09,overcast clouds
444,Winfield,37.2398,-96.9956,53.22,26,0,3.44,US,2022-01-30 01:27:09,clear sky
445,Goure,13.9835,10.2704,57.29,17,0,10.51,NE,2022-01-30 01:27:09,clear sky
446,Olinda,-8.0089,-34.8553,78.53,83,0,3.44,BR,2022-01-30 01:27:10,clear sky
447,Menomonie,44.8755,-91.9193,21.24,68,93,0.0,US,2022-01-30 01:25:58,overcast clouds
448,Ust-Kuyga,70.0167,135.6,-33.61,100,98,7.09,RU,2022-01-30 01:27:10,overcast clouds
449,Saint-Georges,12.0564,-61.7485,76.3,73,70,10.31,GD,2022-01-30 01:22:27,broken clouds
450,Bathsheba,13.2167,-59.5167,76.57,76,8,16.37,BB,2022-01-30 01:27:11,clear sky
451,Espinosa,-14.9261,-42.8192,68.58,92,100,1.32,BR,2022-01-30 01:27:11,moderate rain
452,Tautira,-17.7333,-149.15,80.62,74,26,10.29,PF,2022-01-30 01:27:11,light rain
453,Beidao,34.5686,105.8933,17.49,91,98,2.98,CN,2022-01-30 01:27:12,overcast clouds
454,Beloha,-25.1667,45.05,71.74,88,13,10.07,MG,2022-01-30 01:19:05,few clouds
455,Tual,-5.6667,132.75,83.73,73,100,15.88,ID,2022-01-30 01:27:12,overcast clouds
456,Nurota,40.5614,65.6886,24.89,73,1,5.59,UZ,2022-01-30 01:27:12,clear sky
457,Scheia,47.65,26.2333,36.79,64,0,4.0,RO,2022-01-30 01:27:13,clear sky
458,Port Blair,11.6667,92.75,77.04,78,75,6.91,IN,2022-01-30 01:27:13,mist
459,Pemberton,50.3164,-122.8027,37.09,96,100,4.81,CA,2022-01-30 01:27:14,overcast clouds
460,Kurilsk,45.2333,147.8833,23.07,56,100,17.45,RU,2022-01-30 01:27:14,overcast clouds
461,Nago,26.5881,127.9761,64.83,83,100,10.87,JP,2022-01-30 01:27:14,overcast clouds
462,Marabba,12.35,32.1833,65.52,16,0,14.74,SD,2022-01-30 01:27:15,clear sky
463,Surt,31.2089,16.5887,56.44,60,100,19.84,LY,2022-01-30 01:27:15,overcast clouds
464,Porto Novo,6.4965,2.6036,76.82,66,37,2.89,BJ,2022-01-30 01:18:08,scattered clouds
465,Palauig,15.435,119.9045,80.98,77,64,7.81,PH,2022-01-30 01:27:15,broken clouds
466,Touba,8.2833,-7.6833,73.36,23,100,0.94,CI,2022-01-30 01:27:16,overcast clouds
467,Luancheng,37.8792,114.6517,23.16,75,15,2.75,CN,2022-01-30 01:27:16,few clouds
468,Tessalit,20.1986,1.0114,66.04,16,81,10.87,ML,2022-01-30 01:27:16,broken clouds
469,Shimoda,34.6667,138.95,46.76,55,100,12.12,JP,2022-01-30 01:17:45,overcast clouds
470,Devarkonda,16.7,78.9333,61.02,39,100,0.43,IN,2022-01-30 01:27:17,overcast clouds
471,Thaba-Tseka,-29.522,28.6084,53.26,65,0,2.57,LS,2022-01-30 01:27:17,clear sky
472,Jaisalmer,26.9147,70.9181,59.5,28,2,5.91,IN,2022-01-30 01:27:18,clear sky
473,Mandalgovi,45.7625,106.2708,-0.45,81,100,19.6,MN,2022-01-30 01:17:21,overcast clouds
474,Kiruna,67.8557,20.2251,9.52,85,100,0.0,SE,2022-01-30 01:27:18,overcast clouds
475,Vitim,59.4511,112.5578,-9.26,99,99,3.02,RU,2022-01-30 01:27:18,overcast clouds
476,Le Pradet,43.1066,6.0172,43.68,100,3,5.75,FR,2022-01-30 01:27:19,clear sky
477,Chernyshevskiy,63.0128,112.4714,-24.34,100,17,3.27,RU,2022-01-30 01:19:01,few clouds
478,Sandane,61.7728,6.215,40.62,95,100,14.5,NO,2022-01-30 01:27:19,overcast clouds
479,Villamontes,-21.25,-63.5,71.64,57,4,2.91,BO,2022-01-30 01:27:19,clear sky
480,Ugoofaaru,5.6667,73.0,82.18,68,89,15.64,MV,2022-01-30 01:17:52,overcast clouds
481,Kavaratti,10.5669,72.642,80.82,71,92,8.39,IN,2022-01-30 01:17:29,overcast clouds
482,Omboue,-1.5746,9.2618,77.95,90,100,5.28,GA,2022-01-30 01:17:22,overcast clouds
483,Passos,-20.7189,-46.6097,68.14,92,100,0.98,BR,2022-01-30 01:27:20,light rain
484,Mackay,-21.15,149.2,88.68,73,57,14.34,AU,2022-01-30 01:17:58,broken clouds
485,Stephenville,32.2207,-98.2023,56.25,23,0,4.61,US,2022-01-30 01:25:20,clear sky
486,Lobito,-12.3481,13.5456,76.84,85,100,4.83,AO,2022-01-30 01:27:20,overcast clouds
487,Cheremukhovo,60.3484,59.9851,-0.53,99,100,1.48,RU,2022-01-30 01:27:21,overcast clouds
488,Griffith,41.5284,-87.4237,22.91,66,40,1.01,US,2022-01-30 01:24:38,scattered clouds
489,Mogadouro,41.3403,-6.7119,30.78,50,3,4.72,PT,2022-01-30 01:27:21,clear sky
490,Gull Lake,50.1001,-108.4847,23.36,80,100,7.56,CA,2022-01-30 01:27:22,overcast clouds
491,Cartagena,10.3997,-75.5144,78.42,73,0,9.22,CO,2022-01-30 01:14:16,clear sky
492,Valdemarpils,57.3707,22.5919,40.42,95,100,13.4,LV,2022-01-30 01:27:22,overcast clouds
493,Loa Janan,-0.583,117.095,81.34,74,100,1.57,ID,2022-01-30 01:27:22,overcast clouds
494,Kushima,31.4583,131.2333,48.24,79,100,3.49,JP,2022-01-30 01:27:23,overcast clouds
495,Yar-Sale,66.8333,70.8333,-9.9,98,84,8.41,RU,2022-01-30 01:27:23,broken clouds
496,Madimba,-10.4,40.3333,75.04,90,79,5.66,TZ,2022-01-30 01:27:13,moderate rain
497,Longonjo,-12.9067,15.2533,62.46,98,100,3.76,AO,2022-01-30 01:27:23,overcast clouds
498,Formosa,-26.1775,-58.1781,76.98,57,0,5.75,AR,2022-01-30 01:27:24,clear sky
499,Novouzensk,50.4592,48.1431,32.83,98,100,16.98,RU,2022-01-30 01:27:24,light snow
500,Necochea,-38.5473,-58.7368,75.04,60,0,17.72,AR,2022-01-30 01:18:53,clear sky
501,Korla,41.7597,86.1469,23.14,55,100,8.25,CN,2022-01-30 01:27:24,overcast clouds
502,Sokoni,-6.4333,39.55,79.68,75,100,10.89,TZ,2022-01-30 01:27:25,overcast clouds
503,Ushtobe,45.2514,77.9838,26.96,94,100,7.05,KZ,2022-01-30 01:27:25,overcast clouds
504,Manacor,39.5696,3.2096,45.52,65,0,3.02,ES,2022-01-30 01:27:25,clear sky
505,Lazaro Cardenas,17.9583,-102.2,77.2,74,0,5.39,MX,2022-01-30 01:26:01,clear sky
506,Santa Rosa,14.3122,121.1114,84.85,71,15,6.08,PH,2022-01-30 01:17:40,few clouds
507,Ola,59.5833,151.2833,16.84,78,100,11.61,RU,2022-01-30 01:27:26,overcast clouds
508,Pascagoula,30.3658,-88.5561,39.04,76,0,0.0,US,2022-01-30 01:27:26,clear sky
509,Nabire,-3.3667,135.4833,83.93,66,100,0.94,ID,2022-01-30 01:27:26,overcast clouds
510,Hasanabad,36.5465,61.0543,40.69,78,84,3.8,IR,2022-01-30 01:27:27,broken clouds
511,Katangli,51.7102,143.2326,-5.1,80,98,4.76,RU,2022-01-30 01:27:27,overcast clouds
512,Namibe,-15.1961,12.1522,70.57,76,100,5.73,AO,2022-01-30 01:27:27,overcast clouds
513,Sinnamary,5.3833,-52.95,75.87,87,18,7.67,GF,2022-01-30 01:27:28,few clouds
514,Kawalu,-7.3817,108.2082,76.17,89,100,0.85,ID,2022-01-30 01:19:07,overcast clouds
515,Caravelas,-17.7125,-39.2481,78.58,82,12,10.67,BR,2022-01-30 01:25:09,few clouds
516,Hurghada,27.2574,33.8129,55.13,53,0,12.71,EG,2022-01-30 01:23:44,clear sky
517,Haines Junction,60.7522,-137.5108,12.15,79,100,3.44,CA,2022-01-30 01:27:28,overcast clouds
518,Palmer,42.1584,-72.3287,13.98,75,100,3.0,US,2022-01-30 01:27:29,overcast clouds
519,Goundam,16.4145,-3.6708,69.84,14,5,11.63,ML,2022-01-30 01:27:29,clear sky
520,Glendive,47.1053,-104.7125,31.62,74,0,0.0,US,2022-01-30 01:27:29,clear sky
521,Zapolyarnyy,69.4154,30.8136,-1.12,100,91,1.43,RU,2022-01-30 01:27:29,overcast clouds
522,Xuddur,4.1213,43.8894,66.63,68,11,14.7,SO,2022-01-30 01:27:30,few clouds
523,Nanortalik,60.1432,-45.2371,20.68,69,100,27.87,GL,2022-01-30 01:24:43,light snow
524,Marevo,57.3146,32.0804,23.18,83,100,16.46,RU,2022-01-30 01:27:30,snow
525,Eskilstuna,59.3666,16.5077,36.03,91,100,15.99,SE,2022-01-30 01:27:31,light snow
526,Teofilo Otoni,-17.8575,-41.5053,72.39,82,100,2.33,BR,2022-01-30 01:27:31,overcast clouds
527,Artyom,40.4723,50.333,26.74,63,9,8.77,AZ,2022-01-30 01:27:31,clear sky
528,Spas,48.8899,24.0629,31.53,72,100,25.14,UA,2022-01-30 01:27:31,overcast clouds
529,Lakki Marwat,32.6079,70.9114,51.8,48,6,1.92,PK,2022-01-30 01:27:32,clear sky
530,Middelburg,-25.7751,29.4648,60.69,88,100,8.14,ZA,2022-01-30 01:27:32,overcast clouds
531,Maksatikha,57.797,35.8825,18.05,93,100,8.93,RU,2022-01-30 01:27:32,overcast clouds
532,Pombas,17.1503,-25.0201,67.78,67,100,14.16,CV,2022-01-30 01:27:33,overcast clouds
533,Naze,28.3667,129.4833,58.12,77,99,12.93,JP,2022-01-30 01:27:33,overcast clouds
534,Matagami,49.7502,-77.6328,-5.69,84,0,3.44,CA,2022-01-30 01:27:33,clear sky
535,Ndjole,-0.1783,10.7649,74.93,96,100,2.19,GA,2022-01-30 01:27:34,overcast clouds
536,Pueblo Bello,8.2041,-76.526,77.5,96,10,1.57,CO,2022-01-30 01:27:34,clear sky
537,Roshchino,60.2519,29.6085,27.05,94,100,20.18,RU,2022-01-30 01:27:35,snow
538,Nanchong,30.7951,106.0847,41.9,77,67,2.8,CN,2022-01-30 01:27:35,broken clouds
539,Tarakan,3.3,117.6333,80.1,89,75,6.91,ID,2022-01-30 01:27:35,broken clouds
540,Cayenne,4.9333,-52.3333,79.09,85,20,5.01,GF,2022-01-30 01:27:36,few clouds
541,Goderich,43.7501,-81.7165,14.92,67,100,8.05,CA,2022-01-30 01:27:36,overcast clouds
542,Houma,29.5958,-90.7195,45.0,56,0,5.75,US,2022-01-30 01:17:58,clear sky
543,Cairns,-16.9167,145.7667,90.95,83,100,1.14,AU,2022-01-30 01:27:21,overcast clouds
544,Wajima,37.4,136.9,34.48,80,75,4.61,JP,2022-01-30 01:27:36,broken clouds
545,Mindelo,16.8901,-24.9804,69.35,64,75,20.71,CV,2022-01-30 01:27:37,broken clouds
546,Magalia,39.8121,-121.5783,54.95,52,30,3.13,US,2022-01-30 01:27:37,scattered clouds
547,Port Hawkesbury,45.6169,-61.3485,49.12,99,100,5.99,CA,2022-01-30 01:27:37,mist
548,Port Said,31.2565,32.2841,56.26,68,6,7.83,EG,2022-01-30 01:27:38,clear sky
549,Moron,-34.6534,-58.6198,77.99,75,51,1.01,AR,2022-01-30 01:27:38,broken clouds
550,Leh,34.1667,77.5833,-4.05,96,100,2.44,IN,2022-01-30 01:18:30,overcast clouds
551,Yenagoa,4.9247,6.2642,73.06,75,100,0.4,NG,2022-01-30 01:27:38,overcast clouds
552,Kapoeta,4.7717,33.5903,78.76,30,7,4.07,SS,2022-01-30 01:27:39,clear sky
553,Pacific Grove,36.6177,-121.9166,63.0,65,0,1.01,US,2022-01-30 01:24:46,clear sky
554,Melo,-32.3667,-54.1833,65.23,67,0,11.32,UY,2022-01-30 01:27:39,clear sky
555,Lola,7.8,-8.5333,70.05,29,19,2.93,GN,2022-01-30 01:27:39,few clouds
556,Kudahuvadhoo,2.6708,72.8944,81.1,73,100,9.37,MV,2022-01-30 01:27:40,overcast clouds
557,Antiguo Morelos,22.5495,-99.0812,61.45,52,60,5.68,MX,2022-01-30 01:27:40,broken clouds
558,Hofn,64.2539,-15.2082,31.46,60,100,6.71,IS,2022-01-30 01:27:40,overcast clouds
559,Taiyuan,37.8694,112.5603,21.06,86,6,2.24,CN,2022-01-30 01:27:41,mist
560,Magdagachi,53.45,125.8,0.84,70,60,7.2,RU,2022-01-30 01:19:05,broken clouds
561,Turkistan,43.0,68.0,28.04,74,0,5.55,KZ,2022-01-30 01:27:41,clear sky
562,Kidal,18.4411,1.4078,65.88,15,12,12.53,ML,2022-01-30 01:27:41,few clouds
563,Fairbanks,64.8378,-147.7164,-13.0,74,0,0.0,US,2022-01-30 01:25:09,clear sky
564,Portsoy,57.6814,-2.6896,40.95,67,14,15.01,GB,2022-01-30 01:27:42,few clouds
565,Fallon,39.4735,-118.7774,44.28,33,20,5.75,US,2022-01-30 01:27:42,few clouds
566,Mayo,38.8876,-76.5119,24.08,43,0,11.01,US,2022-01-30 01:27:43,clear sky
567,Anchorage,61.2181,-149.9003,29.32,81,100,4.0,US,2022-01-30 01:26:50,overcast clouds
568,Vangaindrano,-23.35,47.6,73.04,85,0,5.06,MG,2022-01-30 01:27:43,clear sky
569,Puerto Escondido,15.85,-97.0667,81.43,65,40,0.0,MX,2022-01-30 01:18:54,scattered clouds
570,Jieshi,22.8134,115.8257,53.94,70,97,14.72,CN,2022-01-30 01:27:44,overcast clouds
571,Ponta Delgada,37.7333,-25.6667,57.51,71,20,3.44,PT,2022-01-30 01:27:44,few clouds
572,Namie,37.4833,141.0,40.96,54,100,13.85,JP,2022-01-30 01:27:44,overcast clouds
573,Berlevag,70.8578,29.0864,21.11,76,74,2.37,NO,2022-01-30 01:25:16,broken clouds
574,Sept-Iles,50.2001,-66.3821,8.06,58,100,8.01,CA,2022-01-30 01:27:45,overcast clouds
575,Barreirinhas,-2.7469,-42.8264,75.18,86,100,3.38,BR,2022-01-30 01:27:45,moderate rain
576,Maceio,-9.6658,-35.7353,78.24,83,40,2.3,BR,2022-01-30 01:27:45,scattered clouds
577,Altamont,42.2068,-121.7372,46.24,36,0,0.0,US,2022-01-30 01:27:46,clear sky
578,Nautla,20.2167,-96.7833,57.16,76,100,7.81,MX,2022-01-30 01:27:46,overcast clouds
579,Dali,25.7,100.1833,38.57,61,0,0.65,CN,2022-01-30 01:27:46,clear sky
580,Chanute,37.6792,-95.4572,47.48,36,0,0.0,US,2022-01-30 01:27:47,clear sky
581,Barra Do Bugres,-15.0725,-57.1811,72.77,96,100,2.24,BR,2022-01-30 01:27:47,overcast clouds
582,Saint-Maximin-La-Sainte-Baume,43.4521,5.8622,40.68,65,0,3.56,FR,2022-01-30 01:27:47,clear sky
583,Roald,62.5833,6.1333,41.32,60,75,25.32,NO,2022-01-30 01:27:48,broken clouds
584,Dongzhen,22.3797,110.9389,52.27,71,1,6.64,CN,2022-01-30 01:27:48,clear sky
585,Amahai,-3.3333,128.9167,85.05,65,100,4.65,ID,2022-01-30 01:27:48,overcast clouds
586,Virginia Beach,36.8529,-75.978,28.45,49,0,5.01,US,2022-01-30 01:27:13,clear sky
587,Flin Flon,54.7682,-101.865,-7.4,100,77,1.95,CA,2022-01-30 01:27:49,broken clouds
588,Varhaug,58.6147,5.6457,40.89,75,72,46.8,NO,2022-01-30 01:27:49,broken clouds
589,Labuhan,-6.8844,112.2051,81.64,77,96,5.57,ID,2022-01-30 01:18:22,overcast clouds
590,Galesong,-5.3166,119.3661,80.62,77,100,5.57,ID,2022-01-30 01:27:49,overcast clouds
591,Urumqi,43.801,87.6005,-4.85,84,75,2.24,CN,2022-01-30 01:27:50,mist
592,Ouesso,1.6136,16.0517,69.35,34,100,1.86,CG,2022-01-30 01:27:50,overcast clouds
593,Heerenveen,52.95,5.9333,44.06,75,8,24.56,NL,2022-01-30 01:27:50,clear sky
594,Zambezi,-13.5432,23.1047,63.84,96,100,4.45,ZM,2022-01-30 01:27:51,overcast clouds
595,Dinghai,26.2847,119.7936,47.32,84,100,15.32,CN,2022-01-30 01:27:51,overcast clouds
596,Erzin,36.9559,36.2,43.32,75,100,6.69,TR,2022-01-30 01:27:51,overcast clouds
597,Imbituba,-28.24,-48.6703,68.83,82,100,5.77,BR,2022-01-30 01:27:51,overcast clouds
598,San Pablo,14.0669,121.3258,84.81,71,27,3.18,PH,2022-01-30 01:23:42,scattered clouds
599,Prenzlau,53.3167,13.8667,43.21,69,100,34.31,DE,2022-01-30 01:27:52,overcast clouds
600,Tiarei,-17.5333,-149.3333,80.62,75,71,9.6,PF,2022-01-30 01:27:52,light rain
601,Comodoro Rivadavia,-45.8667,-67.5,69.66,37,0,29.93,AR,2022-01-30 01:27:53,clear sky
602,Tura,25.5198,90.2201,49.48,67,0,2.24,IN,2022-01-30 01:18:05,clear sky
603,Merauke,-8.4667,140.3333,82.29,75,100,8.48,ID,2022-01-30 01:27:53,light rain
604,Acajutla,13.5928,-89.8275,78.8,67,33,1.61,SV,2022-01-30 01:27:53,scattered clouds
605,Quepos,9.4236,-84.1652,81.7,83,23,3.89,CR,2022-01-30 01:27:54,few clouds
606,Kisangani,0.5167,25.2,67.6,52,13,1.25,CD,2022-01-30 01:27:54,few clouds
607,Nivelles,50.5983,4.3285,44.55,86,20,4.61,BE,2022-01-30 01:27:54,few clouds
608,Maragogi,-9.0122,-35.2225,75.85,81,99,4.56,BR,2022-01-30 01:27:54,overcast clouds
609,Tataru,45.1,26.3333,20.8,63,93,5.12,RO,2022-01-30 01:27:55,overcast clouds
610,Ubinskoye,55.3068,79.6802,-1.12,91,84,8.43,RU,2022-01-30 01:27:55,broken clouds
611,Chimoio,-19.1164,33.4833,71.46,100,75,2.19,MZ,2022-01-30 01:27:56,broken clouds
612,Luba,3.4568,8.5547,73.29,76,100,2.93,GQ,2022-01-30 01:27:56,overcast clouds
613,Chake Chake,-5.2459,39.7666,76.14,82,100,4.79,TZ,2022-01-30 01:27:56,overcast clouds
614,Central Point,42.376,-122.9164,56.7,44,0,1.01,US,2022-01-30 01:27:57,clear sky
615,Belen,36.4891,36.2233,33.94,75,75,11.5,TR,2022-01-30 01:27:57,broken clouds
616,Sangar,63.9242,127.4739,-35.0,98,77,3.42,RU,2022-01-30 01:27:57,broken clouds
617,Camacupa,-12.0167,17.4833,62.01,94,100,3.11,AO,2022-01-30 01:27:57,overcast clouds
618,Dukat,62.55,155.55,-4.07,99,100,4.09,RU,2022-01-30 01:27:58,overcast clouds
619,Mariental,-24.6333,17.9667,72.21,65,64,12.21,NA,2022-01-30 01:27:58,moderate rain
620,Thinadhoo,0.5333,72.9333,81.23,72,99,5.06,MV,2022-01-30 01:27:58,overcast clouds
621,Kyra,49.5776,111.9753,-8.34,94,5,4.92,RU,2022-01-30 01:27:59,clear sky
622,Kamennogorsk,60.9545,29.1339,25.84,92,100,14.58,RU,2022-01-30 01:27:59,snow
623,Pahalgam,34.0333,75.3333,17.56,65,0,13.04,IN,2022-01-30 01:27:59,clear sky
624,Warragul,-38.1667,145.9333,84.18,86,100,6.58,AU,2022-01-30 01:28:00,overcast clouds
625,Manica,49.0,-1.1667,47.61,97,6,3.83,FR,2022-01-30 01:28:00,clear sky
626,Suluq,31.6682,20.2521,51.58,53,85,23.78,LY,2022-01-30 01:28:00,overcast clouds
627,Almeirim,-1.5233,-52.5817,72.3,99,100,4.79,BR,2022-01-30 01:19:09,overcast clouds
628,Kant,27.8,79.8,47.46,78,0,8.23,IN,2022-01-30 01:28:01,clear sky
629,Ligayan,4.6533,119.4706,81.57,70,97,3.36,PH,2022-01-30 01:28:01,overcast clouds
630,Atherton,53.5237,-2.4935,44.35,82,54,4.0,GB,2022-01-30 01:28:02,broken clouds
631,Skovorodino,53.9833,123.9167,-4.83,81,23,4.07,RU,2022-01-30 01:28:02,few clouds
632,La Asuncion,11.0333,-63.8628,78.53,78,94,8.05,VE,2022-01-30 01:28:02,overcast clouds
633,Salinopolis,-0.6136,-47.3561,76.08,87,100,7.54,BR,2022-01-30 01:25:17,light rain
634,Belmonte,-15.8631,-38.8828,77.5,82,70,10.54,BR,2022-01-30 01:18:52,broken clouds
635,Sidi Bin Nur,35.5333,10.9167,48.79,77,0,12.93,TN,2022-01-30 01:28:03,clear sky
636,Araria,26.15,87.5167,50.13,61,1,5.3,IN,2022-01-30 01:28:03,clear sky
637,Quelimane,-17.8786,36.8883,73.06,93,1,2.17,MZ,2022-01-30 01:28:03,clear sky
638,Forio,40.7342,13.8646,47.82,74,90,4.0,IT,2022-01-30 01:28:03,overcast clouds
639,Benicarlo,40.4165,0.4271,49.57,48,0,2.57,ES,2022-01-30 01:28:04,clear sky
640,Blythe,33.6103,-114.5964,66.65,8,0,11.5,US,2022-01-30 01:28:04,clear sky
641,Beringovskiy,63.05,179.3167,-8.99,99,75,3.0,RU,2022-01-30 01:28:04,broken clouds
642,Yakima,46.4665,-120.6678,30.83,83,100,0.0,US,2022-01-30 01:26:24,overcast clouds
643,Fukue,32.6881,128.8419,48.56,46,75,9.22,JP,2022-01-30 01:28:05,broken clouds
644,Vaulx-En-Velin,45.7833,4.9333,39.88,93,100,5.75,FR,2022-01-30 01:28:05,mist
645,Jardim,-21.4803,-56.1381,78.64,68,100,3.0,BR,2022-01-30 01:28:06,overcast clouds
646,Utete,-7.986,38.758,72.82,99,100,1.7,TZ,2022-01-30 01:28:06,overcast clouds
647,Nouakchott,18.0858,-15.9785,66.13,65,100,15.1,MR,2022-01-30 01:28:06,overcast clouds
648,Juneau,58.3019,-134.4197,36.21,91,100,9.22,US,2022-01-30 01:17:43,light snow
649,Deputatskiy,69.3,139.9,-19.79,96,99,2.15,RU,2022-01-30 01:28:07,overcast clouds
650,Bajos De Haina,18.4154,-70.0332,78.33,84,20,0.0,DO,2022-01-30 01:28:07,few clouds
651,Rongcheng,30.634,117.8517,34.81,91,100,2.19,CN,2022-01-30 01:28:07,overcast clouds
652,Guilin,25.2819,110.2864,41.11,77,16,8.66,CN,2022-01-30 01:28:08,few clouds
653,Hatillo,18.4863,-66.8254,77.11,78,0,3.0,PR,2022-01-30 01:28:08,clear sky
654,Windhoek,-22.5594,17.0832,65.1,100,63,4.61,NA,2022-01-30 01:28:08,moderate rain
655,Wanaka,-44.7,169.15,76.1,35,100,1.99,NZ,2022-01-30 01:28:09,light rain
656,West Bay,19.3667,-81.4167,75.27,68,75,1.01,KY,2022-01-30 01:28:09,broken clouds
657,Arequipa,-16.3989,-71.535,51.87,87,0,2.3,PE,2022-01-30 01:26:10,clear sky
658,Trairi,-3.2778,-39.2689,78.31,78,100,9.15,BR,2022-01-30 01:28:09,overcast clouds
659,Birkeland,58.3309,8.2323,42.35,56,1,20.71,NO,2022-01-30 01:28:10,clear sky
660,Dimbokro,6.6451,-4.7048,72.39,46,100,1.03,CI,2022-01-30 01:28:10,overcast clouds
661,Shunyi,40.125,116.6453,22.95,74,0,4.47,CN,2022-01-30 01:28:10,clear sky
662,Manggar,-2.8833,108.2667,80.71,75,100,4.88,ID,2022-01-30 01:28:11,overcast clouds
663,Lac Du Bonnet,50.2536,-96.0612,7.57,97,99,5.77,CA,2022-01-30 01:28:11,overcast clouds
664,Alta Floresta,-9.8756,-56.0861,69.51,99,100,2.91,BR,2022-01-30 01:28:11,moderate rain
665,Maunabo,18.0072,-65.8993,75.04,87,25,5.06,PR,2022-01-30 01:28:11,scattered clouds
666,Collecchio,44.754,10.2184,38.55,86,89,4.41,IT,2022-01-30 01:28:12,overcast clouds
667,Ingham,42.6,-84.3833,17.24,61,0,0.0,US,2022-01-30 01:28:12,clear sky
668,Mao,39.8885,4.2658,45.16,87,0,5.75,ES,2022-01-30 01:28:12,clear sky
669,Lavrentiya,65.5833,-171.0,-2.2,86,3,3.51,RU,2022-01-30 01:28:13,clear sky
670,Aykhal,66.0,111.5,-20.24,100,5,5.53,RU,2022-01-30 01:18:45,clear sky
671,Novyy Urgal,51.0736,132.5642,-25.55,96,65,0.89,RU,2022-01-30 01:28:13,broken clouds
672,Novikovo,51.1537,37.8879,21.2,95,96,8.57,RU,2022-01-30 01:28:13,snow
673,Yerbogachen,61.2767,108.0108,-10.57,99,100,3.18,RU,2022-01-30 01:28:14,overcast clouds
674,Bud,39.447,-86.1758,22.98,64,91,6.38,US,2022-01-30 01:28:14,overcast clouds
675,Lethem,3.3803,-59.7968,82.83,46,85,10.92,GY,2022-01-30 01:28:14,overcast clouds
676,Lima,-12.0432,-77.0282,72.9,69,20,12.66,PE,2022-01-30 01:26:29,few clouds
677,Mercedes,-34.6515,-59.4307,75.85,62,100,10.8,AR,2022-01-30 01:28:09,overcast clouds
678,Fortuna,40.5982,-124.1573,54.09,80,3,2.15,US,2022-01-30 01:28:15,clear sky
679,Manacapuru,-3.2997,-60.6206,75.78,95,100,4.81,BR,2022-01-30 01:28:15,light rain
680,Baniachang,24.5167,91.3667,51.31,68,0,3.78,BD,2022-01-30 01:28:15,clear sky
681,Huejuquilla El Alto,22.6,-103.8667,61.45,31,0,8.23,MX,2022-01-30 01:28:16,clear sky
682,Naberera,-4.2,36.9333,62.04,96,100,4.34,TZ,2022-01-30 01:28:16,moderate rain
683,Dalaba,10.7,-12.25,66.69,24,97,4.21,GN,2022-01-30 01:28:16,overcast clouds
684,North Myrtle Beach,33.816,-78.68,32.29,54,0,4.61,US,2022-01-30 01:25:55,clear sky
685,Muli,2.9167,73.5667,81.28,73,31,9.75,MV,2022-01-30 01:28:17,scattered clouds
686,Tsuruoka,38.7217,139.8217,33.84,69,75,17.27,JP,2022-01-30 01:28:17,light snow
687,Apatou,5.155,-54.3472,71.29,98,8,2.51,GF,2022-01-30 01:28:17,clear sky
688,Srednekolymsk,67.45,153.6833,-25.04,100,60,4.03,RU,2022-01-30 01:28:18,broken clouds
689,Juba,4.8517,31.5825,74.01,33,10,3.69,SS,2022-01-30 01:25:10,clear sky
690,Zhangye,38.9342,100.4517,13.69,53,8,1.7,CN,2022-01-30 01:28:18,clear sky
691,Crateus,-5.1783,-40.6775,73.4,77,100,2.93,BR,2022-01-30 01:28:18,overcast clouds
692,Milot,19.6167,-72.2167,73.9,81,4,5.17,HT,2022-01-30 01:28:18,clear sky
693,Maldonado,-34.6667,-54.9167,69.19,77,3,9.26,UY,2022-01-30 01:18:27,clear sky
694,Olafsvik,64.8945,-23.7142,37.56,65,100,21.97,IS,2022-01-30 01:28:19,overcast clouds
695,Gohpur,26.8833,93.6333,51.15,74,0,1.77,IN,2022-01-30 01:28:19,clear sky
696,Khash,28.2211,61.2158,47.08,67,0,4.23,IR,2022-01-30 01:28:20,clear sky
697,Amethi,26.15,81.8167,48.31,73,0,8.08,IN,2022-01-30 01:28:20,clear sky
698,Severo-Yeniseyskiy,60.3725,93.0408,-6.32,100,93,3.38,RU,2022-01-30 01:28:20,overcast clouds
699,Bali Chak,22.3667,87.55,55.2,50,0,4.92,IN,2022-01-30 01:28:20,clear sky
700,Storslett,69.7678,21.0247,16.38,73,76,7.78,NO,2022-01-30 01:28:21,broken clouds
701,Buchanan,5.8808,-10.0467,78.6,84,45,1.79,LR,2022-01-30 01:28:21,scattered clouds
702,Glasgow,55.8652,-4.2576,39.22,85,81,8.05,GB,2022-01-30 01:28:02,broken clouds
703,Mazabuka,-15.856,27.748,66.09,97,100,3.56,ZM,2022-01-30 01:28:21,light rain
